image,ground_truth,prediction,cer
250/1.jpg,Th? tr??ng B? Tài nguyên & môi tr??ng ??ng Hùng Võ tâm ??c v?i,Th? tháng B?y n?m ngày và m?i tháng ?áng Hùng vào n?m 1942 v?i:,0.4354838709677419
"250/2.jpg,""c? ch? """" khuy?n khích nhà ??u t? th?a thu?n v?i ng??i s? d?ng ??t ?? nh?n"",""có th? """"không khác, mà tôi th?a thu?n v?i ng??i s?a ??i"""" ?? nh?n"",0.3698630136986301"
"250/3.jpg,""chuy?n nh??ng ho?c thuê quy?n s? d?ng ??t, nh?n góp v?n b?ng quy?n s?"",""chuyên nhúng ho?c th?c quy?n s? d?ng ??t, nhân góp v?n b?ng quy?n s?"",0.144927536231884"
"250/4.jpg,""d?ng ??t... """" Nh?ng t?i h?i ngh? hôm qua, ti?ng nói t? các s? tài nguyên"",""dùng ??t ... """" M?ng tai h?i ngh?a hôm qua, ti?ng nói: hãi cái gò tàn nguy?n."",0.2777777777777778"
"250/5.jpg,""& môi tr??ng l?i ??u ??ng thanh """" lo?i b? """" ?i?u kho?n này ra kh?i d? th?o."",""và m?i th?y l?i ti?c hãm """"you bo"""" ti?c ch?a n?y ra lo?i ?ã tháo."",0.5466666666666666"
250/6.jpg,Giám ??c S? Tài nguyên & môi tr??ng H?i Phòng Chu Minh Tu?n cho,gian ??i S? tài nguyên và môi tr??ng H?i phòng ch??ng Minh Tr?n che,0.2063492063492063
"250/7.jpg,""bi?t thành ph? c?ng t?ng áp d?ng c? ch? """" th?a thu?n """" trong m?t s?"",""but think that can't bring up being a cheater. """"I don't think I'm a cheater."""""",0.7164179104477612"
"250/8.jpg,""r?t ít tr??ng h?p, v?y mà ?ã gây ph?n ?ng theo ki?u dây chuy?n khá"",""yet it might happen, and my main goal in my life is to stay young the whole day."",0.8787878787878788"
"250/9.jpg,""m?nh : anh này nh?n ti?n r?i quay l?i ?òi n?a, anh kia th?a thu?n"",""mamh: anh nay nhân tri?n r?i quay l?i ??i mùa, anh luôn th? th?a."",0.2923076923076923"
250/10.jpg,xong quay ra ?òi th?a thu?n l?i...,xong quay ra tôi thoa' thua lai...,0.2058823529411764
"250/11.jpg,""Ch?a k? ?? doanh nghi?p và ng??i dân """" nói chuy?n """" v?i nhau nh?"",""clima leit?"""" doam? înghe?at va înghe?a dac? """"nici clinge??"""" voia înainte me"",0.71875"
"250/12.jpg,""v?y, quy?n c?a c? quan qu?n lý nhà n??c s? m?t ?i. """" Tôi c?ng có suy"",""vâng, quyên c?a cô quan quan lý nhà n??c s? m?t ?i. """"Tôi c?ng có s?"",0.1323529411764706"
"250/13.jpg,""ngh? nh? ??ng chí """" B? ???c qui ??nh này ?i thì t?t. Cùng m?t lúc chúng"",""night-night chai"""" Bo"""" there, you drink may stir the hot. Can't make the thing"",0.647887323943662"
"250/14.jpg,ta th?c hi?n hai c? ch? (v?a Nhà n??c th?c hi?n thu h?i ??t nh? cách,""?? ??? ?? ? ????, ???? ?????, ????? ????, ?? ??? ?? ? ???, ??? ? ????, ?????"",0.9558823529411764"
"250/15.jpg,""làm lâu nay, v?a khuy?n khích nhà ??u t? th?a thu?n v?i ng??i s? d?ng"",""kim nay, suân lehgren’ khác là m?t ?o?n t? thông th??ng v?i ng??i s? d?ng"",0.4782608695652174"
"250/16.jpg,""??t) thì ph?c t?p - ông Tr?nh Kiên ??nh, phó giám ??c S? Tài"",""??? (?) ???'??? - j?? Trinh li?en ?lin, p'?'gi?n st?'c? s?'ta"",0.6666666666666666"
"250/17.jpg,""nguyên - môi tr??ng và nhà ??t Hà N?i, lên ti?ng."",negligent - most dutifully was what death had no right to do.,0.8163265306122449"
"250/18.jpg,""B?o v? l?p tr??ng c?a c? quan so?n th?o, Th? tr??ng ??ng Hùng Võ kh?ng ??nh"",""Báo v?i, l?p th??ng c?n quen s?ch tháo, Th? tr??ng ??ng v? trí th? nh?t."",0.4533333333333333"
"250/19.jpg,"""""" tr??ng h?p nhà ??u t? có nhu c?u th?a thu?n v?i ng??i ?ang s? d?ng ??t, chúng"",""n?n?ng h?o, m? m? shì ér s?n nián ch? rì, w? n? guò le d?ng rén de, dìng"",0.7341772151898734"
"250/20.jpg,""ta c?n khuy?n khích vì Nhà n??c ch?ng m?t cái gì c? """". Ông Võ """" kêu g?i """" :"",""ta cán hu?nh bi?t rõ Nhà n??c ch?ng m?t cái gì c? """". ông v? """"kiên g?i"""":"",0.24"
"250/21.jpg,""chúng ta c?n thay ??i trong quan ?i?m, không nên ?? h? th?ng hành chính"",""ching fe cên thay ??i trong quan ?i?m, không nên ??c lên thông hành chính"",0.1408450704225352"
"250/22.jpg,""ôm v? mình nhi?u quá, b?i ôm càng nhi?u thì sai càng nhi?u. B? tr??ng Mai"",""?n viêm nhìn qua, b?i ôm càng nhìn thì sao càng nhìn, Bí tr?ng Mai"",0.2876712328767123"
250/23.jpg,Ái Tr?c ti?p l?i : Các n??c ??u áp d?ng c? ch? t? th?a thu?n khi thu h?i,Aí frute tróp léi: Che muió stáir do lengy ós ché tróth thóag lhú thúchó!,0.5833333333333334
250/24.jpg,??t.,??,1.0
"250/25.jpg,""Ngay c? tr??ng h?p ta không qui ??nh, ng??i dân và doanh nghi?p v?n th?c hi?n"",""Ngay c? tr??ng h?p t? liêng qui ??nh, ng??i dân và doanh nghi?p v?n th?c hi?n"",0.0779220779220779"
"250/26.jpg,""c? ch? này. """" N?u c? dùng quy?n l?c hành chính nhà n??c v?i mô hình khuôn"",""of the day. """"We'll do things right, the hand that makes music is the hand that does it."""""",0.8493150684931506"
"250/27.jpg,""c?ng, ng??i dân s? kêu """" - ông Tr?c nói. Chuy?n """" b? """" - """" con """". Phó giám ??c"",""cùng, ng??i dân tác kêu """"ông Trúc nói. Chuyên """"bò"""" - """"con"""". Phó Giám ??c."",0.1923076923076923"
"250/28.jpg,S? Tài nguyên - môi tr??ng & nhà ??t Hà N?i Tr?nh Kiên ??nh ?? ngh? : th?m,""?Tài nguyên - môi tr??ng ? nhà ??t trên N?i Trung, Kiên Bình ??t ngh?: Tr?m"",0.2432432432432432"
"250/29.jpg,""quy?n thu h?i ??t, giao ??t ph?i ???c th? hi?n theo tinh th?n """" ông b? bao trùm"",""quyên th? l?i: ??t, giao ??t ph?i: ??a th? hien theo tình ?ng l?i bao trùm"",0.3037974683544304"
"250/30.jpg,""ông con """". Theo ?ó, UBND c?p t?nh, thành ph? ???c quy?n thu h?i, giao ??t"",""Bing can’t. Theo doesn’t think, thanks please, guys in the list, you don’t"",0.6301369863013698"
"250/31.jpg,""thu?c th?m quy?n c?a UBND c?p qu?n, huy?n (thay vì qui ??nh nh? hi?n nay,"",""These th?m quyên c?a UBND c?p qu?n, huy?n (They or qui ??nh nh? thêm này,"",0.1780821917808219"
"250/32.jpg,"""""" ông b? """" mu?n làm ?i?u này ph?i thông báo cho """" ông con """" th?c hi?n, v?a nhiêu"",""""""?ng b?"""" m?u s?n ??i ni?m ph?i thông báo cho ông con """"th?c hi?n, ?u tiên"""""",0.3125"
250/33.jpg,khê v?a không th? hi?n h??ng ?i c?i cách th? t?c hành chính).,the sun shining like a burning star each time the thunderous.,0.7213114754098361
"250/34.jpg,""L?p t?c Th? tr??ng ??ng Hùng Võ ph?n ?ng : """" ông b? """" có quy?n c?a """" ông b? """","",""Tap the third finger, bring the thumb up, """"long be"""" to queen in a """"long be""""."",0.5897435897435898"
"250/35.jpg,"""""" ông con """" có quy?n c?a """" ông con """". Lu?t không cho phép """" ông b? """" làm thay """" ông"",""""""Gìng còn"""" có quy?n c?a """"Gìng còn"""". L??t không ??o pháp """"ông bà"""" làm thay """"ông"",0.216867469879518"
"250/36.jpg,""con """". Tr??ng h?p nào làm thay là ph?m lu?t, ch? có ?i?u hi?n nay các """" ông"",""com"""". Tr??ng h?p nào làm thay l?i ph?m lu?t, thì có ?i?u ki?n huy?n bàng ngay"",0.2533333333333333"
"250/37.jpg,""con """" không dám kêu mà thôi!"",""con """"kêng ?ám kiên ma-tsi !"""""",0.4285714285714285"
251/1.jpg,Ch??ng trình hành ??ng th?c hi?n Ngh? quy?t trung ??ng 9 - khóa,Chuông trình hành dòng th?c hi?n Ngh? quy?t trung ??ng 9-tho?i,0.1587301587301587
"251/2.jpg,IX c?a ??ng b? TP.HCM V? xây d?ng ??ng : ti?p t?c ch? ??o m?nh,""IX cùa ?àng bà TP.HCM v? xây d?ng ?àng: ti?p t?c ch? ??o m?nh,"",0.0967741935483871"
"251/3.jpg,""m?, có hi?u qu? cu?c v?n ??ng xây d?ng ch?nh ??n ??ng theo tinh"",""mèi, cô hiu?u qua? cuôc vân tông xây d??ng chính tâm ??ng ?ê?o tinh."",0.3333333333333333"
"251/4.jpg,""th?n ngh? quy?t trung ??ng 6 (l?n 2). Theo ?ó, ti?p t?c th?c hi?n vi?c"",""???ng ngh? quy?t trung ??ng 6 (liên ??). Theo ?ó, ti?p t?c ???c hi?n vi?c"",0.1571428571428571"
"251/5.jpg,kê khai nhà ??t và c? s? s?n xu?t kinh doanh c?a cán b? - công ch?c;,Lê khai m?i ??t và có s?n quát hình doanh c?a cán b? - c?ng ch?.,0.2647058823529412"
"251/6.jpg,""t?ng c??ng thanh ki?m tra nh?ng n?i có d?u hi?u vi ph?m, ??c bi?t"",""t?ng c??ng thành hi?n tr?ng nh?ng n?i có ?i?u hi?n vi ph?m, ??c bi?t"",0.1692307692307692"
251/7.jpg,trong l?nh v?c ??t ?ai và các công trình tr?ng ?i?m.,trong linh vi?t ??t ??i v?n cai c?ng trình trong ?i?m.,0.25
251/8.jpg,X? lý nghiêm minh theo pháp lu?t và k? lu?t c?a ??ng nh?ng ng??i,X? l?yíngmíng mínhòu zhào pìap liúxù w? h? liúxù cuìa D?ng míng míng nián,0.625
"251/9.jpg,có hành vi sai trái và nh?ng ng??i bao che. Th?c hi?n t?t các quy ??nh,""cù hánh vì sai trái và nh?ng ng??i bao che. Thích hi?n t?t c? quy ??nh,"",0.1142857142857142"
"251/10.jpg,""??i v?i cán b? lãnh ??o, qu?n lý ?? x?y ra tham nh?ng, tiêu c?c ? c?"",""tôi v?n còn b? lành dao, qu?n lý ?? x?y ra ham nh?ng tiêu c?c 3 c?"",0.1911764705882352"
"251/11.jpg,""quan, ??n v?. Ki?n toàn và t?ng c??ng s?c chi?n ??u c?a t? ch?c"",""mean, ??n v?. Kiên tr?n và t?ng xu?ng s?c ch?u ?au c?a t? ch?c"",0.2063492063492063"
251/12.jpg,c? s? ??ng. Ti?p t?c ??i m?i và nâng cao công tác cán b?. Ti?p t?c,c8 33 ??ng. Trúp túc ??i m?i vai m?ng cao công tác cán b?. Trúp túc,0.1969696969696969
251/13.jpg,??i m?i ph??ng th?c lãnh ??o c?a c?p ?y ??ng theo ph??ng châm,tôi m?i ph??ng th?c lành t?o c?a c?p úy ?áng ph??ng chân.,0.2622950819672131
251/14.jpg,h??ng m?nh v? c? s?.,hùng manh v? c? 3.,0.3
"251/15.jpg,""V? c?i cách hành chính : T?p trung ch?n ch?nh m?nh h?n n?a k? c??ng,"",V? dài cách hành chính: T?p trung chân chính m?nh h?n mùa h?i c??ng,0.1617647058823529"
"251/16.jpg,""k? lu?t trong b? máy hành chính, nâng cao tinh th?n trách nhi?m và"",""hú lu?t tr?ng b?: mày hành chính, nâng cao trình thân tách nhi?m và"",0.1515151515151515"
"251/17.jpg,""ý th?c k? lu?t c?a CB - CC, nh?t là trên l?nh v?c nhà ??t, ??u t?,"",""j' dière hip luat cuo CC, mhat la tren linh vie mha dat, daute."",0.5151515151515151"
"251/18.jpg,""kinh doanh, tr?t t? xây d?ng và gi?i quy?t khi?u n?i, t? cáo."",""mình doanh, tr?t t? cây d?ng và giàu quy?t nhi?u m?, t? câu:"",0.2459016393442623"
251/19.jpg,Xây d?ng hoàn thi?n h? th?ng các qui trình th? t?c hành chính.,Kaiy dùng hoàn thi?n h? th?ng các quy trình th? t?c hành chính.,0.0806451612903225
"251/20.jpg,""Kiên quy?t ch?n ch?nh b? máy hành chính các c?p, nhanh chóng"",""Kuei quy?t chán chính b? may hành chính cai cáp, mành chóng"",0.2166666666666666"
"251/21.jpg,""kh?c ph?c tình tr?ng quan liêu, c?a quy?n, hách d?ch."",""khác ph?c tinh trang quan li?u, cùa quyên, khách ??n."",0.2075471698113207"
251/22.jpg,Xây d?ng và phát tri?n ??i ng? CB - CC có ch?t l??ng chuyên môn,Xây d?ng và phát tri?n tài nguyên CB-CC có ch?t l??ng chuyên môn.,0.1428571428571428
"251/23.jpg,""cao, có ph?m ch?t, ??o ??c. Ki?m tra, x? lý kiên quy?t các v?"",""eaò, èò phàimh chàit, tàao dhìic. Kièim tra, xìù lèj chèin quyèt càùùùùùùùùùùùùùùùùùùùù"",0.7868852459016393"
"251/24.jpg,""tham nh?ng, lãng phí, làm th?t thoát tài s?n nhà n??c... V? kinh"",""tham nhung, làng phí, làm th?t thoát tài s?n nhà n??c... Viêm nh"",0.109375"
"251/25.jpg,""t? : T?p trung m?i n? l?c nh?m tháo g? s?n xu?t kinh doanh,"",""ti?: T?p trung m?i n?i ti?c nh?m thay giá s?n xu?t nh? dành,"",0.288135593220339"
251/26.jpg,??a t?c ?? t?ng tr??ng GDP trên ??a bàn TP ??t 12% n?m,??a tôi ?ã t?ng tr??ng OP trên ??a bàn TP ??t 14% n?m,0.1111111111111111
"251/27.jpg,""2004 và trên 12% n?m 2005. Phát tri?n nhanh các ngành d?ch v?,"",2004 n?m tri?n lãi và n?m 2005. ??t tri?n nh?nh các ngành d?ch v?.,0.2580645161290322"
251/28.jpg,tái c?u trúc các ngành công nghi?p.,tài c?u tiêu cài ngành công nghi?p.,0.2
251/29.jpg,Ti?p t?c nhân r?ng các mô hình huy ??ng v?n ??u t?. T?p trung khai,ti?p t?c nh?n r?ng cái mù hình huy dáng v?n dâu tr?. T?p trung khá,0.1969696969696969
251/30.jpg,thác các ngu?n v?n cho ngân sách. T?ng k?t quá trình c? ph?n hóa,??i cu?i ng??i v?i cho ngàn sách. T?ng h?t qu? trình có ph?n h?i.,0.328125
251/31.jpg,doanh nghi?p nhà n??c và vi?c t? ch?c s?p x?p l?i doanh nghi?p nhà,doanh nghi?p nh?n nhi?u và vi?c t? ch?c s?p x?p l?i doanh nghi?p nhà,0.0909090909090909
251/32.jpg,n??c. Tri?n khai quy?t ??nh c?a TP v? m?t s? chính sách ?u ?ãi,mùa?t. Tru?n?n? khai? g??yê?t ?en?n? cu?a TP ve? mô?t so? chân?h sa?ch cu?a ta?n.,0.6451612903225806
251/33.jpg,??i v?i các d? án có v?n ??u t? n??c ngoài. Rà soát l?i ch??ng,tôi vui cái l?i ?n c? v?n thân thi?n ng??i. Khi soát l?i chúng,0.4193548387096774
251/34.jpg,trình h?i nh?p kinh t? c?a TP. V? v?n hóa - xã h?i : ??y m?nh,t?nh h?i nh?p hình t? c?a TP. V? v?n hoá - xã h?i: ?ây m?nh,0.180327868852459
"251/35.jpg,""xã h?i hóa, phát tri?n xã h?i h?c t?p, ?u tiên ??u t? ngân"",""cái h?n thoát, phát tri?n xã h?i h?c t?p, ?u tiên ??u tranh ngàn"",0.2586206896551724"
251/36.jpg,sách cho giáo d?c - ?ào t?o.,L?ch cho giàu d?c - ?ào t?o.,0.1428571428571428
251/37.jpg,Nâng cao n?ng l?c qu?n lý nhà n??c trên các l?nh v?c kinh doanh,Nàng cao nàng lúc quàn lý nhà n??c trên cái linh v?c hình danh.,0.1587301587301587
"251/38.jpg,""d?ch v? v?n hóa; kh?c ph?c nh?ng s? h?, tiêu c?c trong qu?n lý"",""dich nu s?n hoài; th?a?i ph?c nh?ng s?n th?, tiên cu?c trong qu?n lý."",0.3387096774193548"
251/39.jpg,và ho?t ??ng v?n hóa. Ti?p t?c t?p trung ngu?n l?c cho ch??ng,và ho?t ??ng v?n hoá. Tr?i túc túc t?p trung ng??i lúc cho chúng,0.2459016393442623
251/40.jpg,trình 3 gi?m...,tinh 3 gian...,0.2666666666666666
252/1.jpg,Ch??ng trình hành ??ng th?c hi?n Ngh? quy?t trung ??ng 9 - khóa IX c?a ??ng b?,Chuong trinh hinh ??ng th?c hi?n Nghi quy?t trung ??ng g - thai 1x câu ??ng b,0.1923076923076923
"252/2.jpg,""TP.HCM V? xây d?ng ??ng : ti?p t?c ch? ??o m?nh m?, có hi?u qu? cu?c v?n ??ng xây"",""m. con vé xây d?ng b?ng: ti?p t?c ch? ??o m?nh m?, có hi?u qu? các v?n dángy"",0.2098765432098765"
"252/3.jpg,""d?ng ch?nh ??n ??ng theo tinh th?n ngh? quy?t trung ??ng 6 (l?n 2). Theo ?ó, ti?p t?c"",""Any child, the one who thinks that night, quivers, trying, using 6 (1 an 2). The other, the one"",0.5764705882352941"
252/4.jpg,th?c hi?n vi?c kê khai nhà ??t và c? s? s?n xu?t kinh doanh c?a cán b? - công,tr?c th?n vi?c thai nhà ??t ra có s? s?n xu?t l?nh danh c?a con bò-gi,0.3116883116883117
"252/5.jpg,""ch?c; t?ng c??ng thanh ki?m tra nh?ng n?i có d?u hi?u vi ph?m, ??c bi?t"",""write; telling candy thank him that nothing nor cold drink will pharm, the bark"",0.5915492957746479"
252/6.jpg,trong l?nh v?c ??t ?ai và các công trình tr?ng ?i?m.,timy linh vi?t ??t tài và các công trình trong ?êm.,0.2692307692307692
252/7.jpg,X? lý nghiêm minh theo pháp lu?t và k? lu?t c?a ??ng nh?ng ng??i có hành,Xixi l?y rúqiúmen mìns tíhe pháp huàn và ký huàn cuàn D?ng n?u guó chán,0.5416666666666666
252/8.jpg,vi sai trái và nh?ng ng??i bao che. Th?c hi?n t?t các quy ??nh ??i v?i cán b? lãnh,vì sai trai và nhúng ng??i bao che. Th?c hi?n t?t các quy ??nh ??i v?i cán b? liên,0.073170731707317
"252/9.jpg,""??o, qu?n lý ?? x?y ra tham nh?ng, tiêu c?c ? c? quan, ??n v?. Ki?n toàn và"",""Eao, quan lý dê' xay ra ham nhung, tiêu ?c ò sô quan, ?òn òi. Kiên toan ?a"",0.28"
252/10.jpg,t?ng c??ng s?c chi?n ??u c?a t? ch?c c? s? ??ng. Ti?p t?c ??i m?i và nâng,t?ng c??ng s?c chi?n ??u và tôi có s? ??ng. T?i t?c ?ó mà v?n ng?,0.3013698630136986
"252/11.jpg,cao công tác cán b?. Ti?p t?c ??i m?i ph??ng th?c lãnh ??o c?a c?p ?y,""cao công tác ch? b?. Tri?t tiêu ??i m?i, ph??ng thích lòng t?o cu?n cáp ?y"",0.2898550724637681"
252/12.jpg,??ng theo ph??ng châm h??ng m?nh v? c? s?.,?ang theo ph??ng châm h??ng mang v? có s?.,0.119047619047619
"252/13.jpg,""V? c?i cách hành chính : T?p trung ch?n ch?nh m?nh h?n n?a k? c??ng, k? lu?t trong"",""Viê cau cánh chính: T?p trung chân chính m?ch h?n n?a tay cung, by h??ng"",0.3414634146341463"
"252/14.jpg,""b? máy hành chính, nâng cao tinh th?n trách nhi?m và ý th?c k? lu?t c?a CB - CC,"",""be may haan shin, nang cao tins than trach phim na y thuc hy dung ua cac"",0.3875"
"252/15.jpg,""nh?t là trên l?nh v?c nhà ??t, ??u t?, kinh doanh, tr?t t? xây d?ng và"",""nhau lai trên linh vi?c nhà ??i, ?âu thì, ems doanh, trái t?i xây d?ng oa"",0.3142857142857143"
"252/16.jpg,""gi?i quy?t khi?u n?i, t? cáo. Xây d?ng hoàn thi?n h? th?ng các qui trình"",""gài quy?t thiên núi, t? cào. Xây d?ng hoàn thi?n h? thay c? quy trìng"",0.2083333333333333"
"252/17.jpg,""th? t?c hành chính. Kiên quy?t ch?n ch?nh b? máy hành chính các c?p,"",Th? túc hành chính. Kiên quy?t thành chính bà mày hành chính cát cáp,0.1470588235294117"
"252/18.jpg,""nhanh chóng kh?c ph?c tình tr?ng quan liêu, c?a quy?n, hách d?ch."",""nhans chóng thúc ph?c tình tr?ng quan liêu, c?a quy?n, h?ch d?ch."",0.0923076923076923"
"252/19.jpg,""Xây d?ng và phát tri?n ??i ng? CB - CC có ch?t l??ng chuyên môn cao, có ph?m"",""Xây d?ng v?n ph?m tri?n d?i ng? CB-cc có chút h??ng chuyên môn cao, có ph?n"",0.1842105263157894"
"252/20.jpg,""ch?t, ??o ??c. Ki?m tra, x? lý kiên quy?t các v? tham nh?ng, lãng phí,"",""chài, ??o ??c. ki?m trai, x? lý kiên quy?t các c? ?ã tham nh?ng, lòng phí."",0.1571428571428571"
252/21.jpg,làm th?t thoát tài s?n nhà n??c... V? kinh t? : T?p trung m?i n? l?c,lam thai' thoat tau san nha nho ... Ve bung te': tap tung moi no lie,0.3529411764705882
"252/22.jpg,""nh?m tháo g? s?n xu?t kinh doanh, ??a t?c ?? t?ng tr??ng GDP trên ??a"",""nhâm th?o g? s?n xu?t linh doanh, ??u t?o t? t?ng tr??ng GDP trên ??a"",0.144927536231884"
252/23.jpg,bàn TP ??t 12% n?m 2004 và trên 12% n?m 2005. Phát tri?n nhanh,ban 7p ??t 12% n?m 2004 và trên 12% n?m 2005. Ph?i ti?n hành,0.1290322580645161
"252/24.jpg,""các ngành d?ch v?, tái c?u trúc các ngành công nghi?p."",""các ngành d?ch v?, tài c?u thuê các ngành công nghi?p."",0.0925925925925925"
252/25.jpg,Ti?p t?c nhân r?ng các mô hình huy ??ng v?n ??u t?. T?p trung khai thác,Tíép' tuc mhan rong càc mò hìnt. huy dáng vòn dàut tù. Táp trung thai thác,0.2816901408450704
252/26.jpg,các ngu?n v?n cho ngân sách. T?ng k?t quá trình c? ph?n hóa doanh,các ng??i v?n cho ng??i sách. T?ng k?t qu? tr?ng b? phát hoá ?oàn,0.2923076923076923
"252/27.jpg,nghi?p nhà n??c và vi?c t? ch?c s?p x?p l?i doanh nghi?p nhà n??c.,""ngh?p nh? n??c và vi?c t? chút, s?p x?p l?i doanh nghi?p nh? n??c."",0.1363636363636363"
252/28.jpg,Tri?n khai quy?t ??nh c?a TP v? m?t s? chính sách ?u ?ãi ??i v?i,Trình khai quy?t ??nh c?a TP v? m? s? chính sách d? án ??i v?i.,0.1875
252/29.jpg,các d? án có v?n ??u t? n??c ngoài. Rà soát l?i ch??ng,các d? án có v?n thu hút ng??i. R?t sách l?i các chúng,0.4259259259259259
"252/30.jpg,trình h?i nh?p kinh t? c?a TP. V? v?n hóa - xã h?i : ??y m?nh xã,trins hòi nh?p kín s? t? cu? TP. V? v?n hoá - xã h?i; ?ây m?y xã,0.265625"
"252/31.jpg,""h?i hóa, phát tri?n xã h?i h?c t?p, ?u tiên ??u t? ngân sách"",""h?i hòa, ph?i trình xác h?i h?c t?p, l?u ?i?n ?au t?t ngàn sách"",0.2666666666666666"
252/32.jpg,cho giáo d?c - ?ào t?o.,cho giào duc - ?ào t?o.,0.0869565217391304
252/33.jpg,Nâng cao n?ng l?c qu?n lý nhà n??c trên các l?nh v?c kinh doanh d?ch v?,Nang cao nang luè quán lý nhà n??c trên các th?i ??c bình dân ?ánh d?u u,0.323943661971831
"252/34.jpg,""v?n hóa; kh?c ph?c nh?ng s? h?, tiêu c?c trong qu?n lý và ho?t ??ng"",""van hoi; khác ph?c nh?ng s?n h?, trên các trong qu?n lý và ho?t ??ng"",0.1492537313432835"
252/35.jpg,v?n hóa. Ti?p t?c t?p trung ngu?n l?c cho ch??ng trình 3 gi?m...,van hoat. Ti?p t?c t?p trung ng??i h?c cho nh?ng tr?i 3 gi?m ...,0.234375
"253/1.jpg,""Vi?t ti?p v? v? anh Tr??ng Xuân ??i. Ngay t? khi t? báo có bài """" S? ph?n c?a"",""Vui tôi ti?p v?n mu?n tham gia Xuân ??i. Ngày tôi thôi t? b?o """"cô ph?m c?a"""""",0.4868421052631579"
"253/2.jpg,""nh?ng ng??i nói lên s? th?t """" phát hành, nhi?u b?n ??c ?ã bày t? s? chia s?,"",""making no doubt lei is that that's what's in, there's been a lot of big to us this set."",0.7236842105263158"
253/3.jpg,?ng h? anh Tr??ng Xuân ??i. M?t b?n ??c 67 tu?i ? Q.11 ??n g?i t?ng anh Tr??ng,ng h? anh Tr??ng Xuân ??i. M?t bàn ?ác 6 t?ng là 8 Q. Mi?n g?i t?ng anh Tr??ng,0.2564102564102564
"253/4.jpg,""Xuân ??i 150.000 ??ng, m?t cô gái tên Nhung ? Tân Bình g?i t?ng 100.000 ?,"",""y?cu?n Dùn 150.000 zh?ng, m?i c?o g?n l?n Nìngyù? T?n B?nzh? g?ng f?ng 100.000,"",0.4594594594594595"
253/5.jpg,m?t thanh niên tên Hà ??n g?i 200.000 ?. Sau ?ó n?a là r?t,m? thành m? n? Hai ??n quý 200.000. Sand và m? là m?!,0.4655172413793103
"253/6.jpg,""nhi?u b?n ??c g?i ??n bày t? s? chia s?, ?ng h?."",""wh?nui h?n dat c? tei 'n b?y k? n? ch?n s?, c?ng h?."",0.5416666666666666"
253/7.jpg,Ban biên t?p báo Tu?i Tr? c?ng quy?t ??nh g?i t?ng nhóm công nhân,B?n liên h? bao 'tâm' t? cùng quyên 'Tình qua tây nhóm' cùng nhóm,0.4307692307692308
"253/8.jpg,?ã t? cáo tiêu c?c ? ???ng liên c?ng A5 10 tri?u ??ng. ??ng ?? ng??i dân,""?? tôi có thân cu?c ? ?ây, b?n c?ng A5 10 n?m ?ây. ?ây, ?? ng??i b?n"",0.4305555555555556"
"253/9.jpg,""??t c??c cho ni?m tin! Qua báo chí, b?n thân tôi ?ã ???c bi?t v? vi?c t? cáo nh?ng"",""??c cu?c cho mình tình! Emua b?n ch?, b?n thân b?n ??n ?ây lên vui lòng tôi cho nh?ng"",0.4390243902439024"
"253/10.jpg,""sai ph?m c?a công rình ???ng liên c?ng A5 m?y n?m tr??c ?ây, nh?ng nay"",""dai pham cuoi cong minh chuyen bien cong A5 mong minh duoi cty, nhung ngu"",0.4857142857142857"
253/11.jpg,m?i bi?t vi?c làm d?ng c?m và t?t ??p ?ó ?ã mang ??n bao h? l?y phi?n ph?c,may luckier since I'm doing something I've always dreamed of.,0.7837837837837838
"253/12.jpg,""cho nh?ng ng??i trong cu?c, nh?ng ng??i mà theo tôi vô cùng x?ng ?áng v?i danh"",""do ngnin hong mai minh ngnin mai """"theo voi cung xung hay va danh"",0.5128205128205128"
253/13.jpg,hi?u hi?p s?.,him angry,0.7692307692307693
"253/14.jpg,""Th? nh?ng nh?ng hi?p s? ?y gi? ra sao? Ng??i thì lang thang, phiêu b?t, k? thì"",""the shining shining shines in my eyes, you make me so. Nymer the boy thing I prefer her, he's she."",0.7692307692307693"
"253/15.jpg,""v? b?, k? thì cày ?i trên nh?ng con ???ng ?ô th? ?? l??m ve chai, ph?i tá túc trong"",""""""ao hò?"""", hè th? hãy ?n quan tr?ng, do nh? t?t c? hôm v? cháu, ph?i ?n t?t c? ngày."",0.6024096385542169"
"253/16.jpg,nh?ng c?n chòi t?m b? s?ng qua ngày. Ng?m sao mà th??ng th?! ?áng l? ph?i ???c,""making some food for my grandma. I put some milk in the fridge, then I put the food in the fridge."",0.9615384615384616"
"253/17.jpg,tôn vinh thì trái l?i nh?ng con ng??i ?y ?ã b? ??y xu?ng ?áy cùng c?a cu?c,""In such a tense, I'm always on guard against a blow."",0.7837837837837838"
"253/18.jpg,""s?ng! C?ng may mà anh ??i ?ã th?ng ki?n, ?ó ch?c là m?t ni?m an ?i và"",""doing! can't may man's mouth on that thing, it's that's a man's can't on"",0.6811594202898551"
"253/19.jpg,""là m?t kh?ng ??nh ?? anh và các ??ng nghi?p, ng??i thân tin r?ng các"",""la' mhahin? dhinh dè? mha ma' ac' dòngi ngàp, ngàp mhàn tùn tòng ac'"",0.5882352941176471"
253/20.jpg,anh không ??n ??c trong vi?c theo ?u?i ni?m tin v? l? ph?i c?a mình.,amnh nh?n ?àn. T?t huy vi?c th?y nhi?u gi?m tín ?c là ph?i m? mình.,0.4411764705882353
"253/21.jpg,""L?i n?a, khi thanh tra ?ã xác ??nh sai ph?m sao không x? lý mà ?? """" ngâm """""",""Lau mua, nh? thành tác d?n xác ??nh s? ph?m m? không x? lý mà c?ng"",0.3513513513513513"
253/22.jpg,lâu ngày ??n v?y? Tôi không ph?i là ng??i trong l?nh v?c chuyên môn nh?ng,bin yng yng din yng ? ran bhmng yng bha mngn mng linh nuc chmng mng mng,0.6027397260273972
"253/23.jpg,có th? hình dung công trình ???ng liên c?ng A5 ch?c là nh?m ph?c v? ho?t ??ng c?a,""so, """"lui"""" nh?ng ông vui h?n ??n khi A S chúc mình ph?c v? hoài ??ng."",0.5308641975308642"
"253/24.jpg,các nhà ??u t? trong Khu ch? xu?t Tân Thu?n. V?y thì khi không kh?c ph?c ngay,""?????? ????? ??? ?????? ??? ????? """"???? ?????"""" ???? ????? ????? """"???? ?????"""" ???? ????? ????? """"???? ?????"""" ???? ?????? ????? """"???? ?????"""" ???? ????? """"???? ?????"""" ???? """"???? ?????"""" ???? """"??????"""" ???? """"??????"""" ???? """"?????"""" ???? """"?????"""" ???? """"??????"""" ???? """"?????"""" ???? """"??????"""" ???? """"?????"""" ???? """"??????"""" ???? """"??????"""" ???? """"??????"""" ???? """"??????"""" ???? """"??????"""" ???? ???? """"??????"""" ???? ???? ???? """"??????"""" ???? """"?????"""" ???? """"?????"""" ???? ???? ???? ???? ???? ?????? ???? ???? ???? ???? ????? ???? ???? ???? ???? """"??????""""???? ???? ???? ???? ???? ???? ???? ???? ???? ????? ???? ???? ???? ???? ???? ???? ???? ???? ???? ???? ???? ???? ???? ???? ???? ???? ???? ???? ???? """"??????""""???? ???? ???? ?????? ?? ???? ???? ???? ???? ?? ???? ???? ???? ???????? ???? ???? ???? ????????? ???? ???? ???? ????????? ???? ???? ?????? ???? ???? ???? ???????? ???? ???? ???? ???????? ???? ???? ???? ???????? ???? ???? ???? ?????? ???? ???? ???? ???? ???? ???? ???? ???? ?????? ?? ???? ???? ???? ?? ?????? ???? ???? ?????? ????? ???? ???? ?????????? ???? ???? ???? ?? ?? ???? ???? ???? ???????? ???? ???? ???? ??? ???? ???? ???? ???? ????? ???? ???? ???? ?????????? ???? ???? ???????????? ???? ???? ?????????? ???? ???? ???? ?????? ???? ???? ???? ?????? ???? ???? ???? ???? ????? ???? ???? ???? ???? ???? ???? ???? ???? ???????? ???? ???? ???? ?? ?????? ???? ???? ?????? ?????? ???? ???? ?? ?????? ???? ???? ???? ???? ????? ???? ???? ???? ???? ???? ???? ???? ???? ???? ??????? ???? ???? ????? ???????? ???? ?????? ????? ????? ???? ????? ????? ????? ????? ???? ???? ????? ????? ??????? ???? ????? ????? ????? ????? ????? ????? ????? ????? ????? ????? ????? ? ???? ????? ????? ??????? ????? ????? ??????????? ????? ????? ????? ????? ????? ????? ????? ???? ????? ????? ????? ? ???? ????? ????? ? ???? ? ???? ????? ????? ? ???? ????? ????? ? ???? ? ???? ????? ? ???? ? ???? ? ???? ? ???? ????? ? ???? ? ???? ? ???? ? ???? ? ???? ? ???? ? ???? ????? ????? ????? ? ???? ? ???? ? ???? ? ?????? ? ???? ? ???? ? ?????????? ? ???? ? ???? ? ???? ????? ? ???? ? ???? ? ???? ???? ? ???? ? ???? ? ???? ? ???? ? ???? ? ???? ? ?????? ? ???? ? ???? ? ???????? ? ???? ? ???? ? ????? ? ???? ? ???? ? ???? ???? ? ???? ? ???? ? ???? ????? ? ???? ? ???? ? ???????? ? ???? ? ???? ????? ????? ? ???? ????? ? ???? ????? ? ???? ????? ????? ? ???? ????? ????? ????? ? ???? ? ???? ? ???? ????? ? ???? ? ???? ????? ? ???? ? ???? ? ???? ? ???? ? ???? ????? ????? ? ???? ? ???? ? ???? ????? ? ???? ? ???? ? ???? ? ? ???? ? ???? ? ???? ? ???????? ? ???? ? ???? ? ???? ????? ? ???????? ? ???? ? ????? ? ???? ? ???? ? ????????? ? ???? ? ???? ? ?????? ? ???? ? ???? ? ???? ? ???? ? ???? ? ???? ? ???? ? ???? ????? ? ???? ? ???? ? ???? ????? ? ???? ? ???? ? ???? ????? ? ???? ? ???? ? ???? ? ? ???? ? ???? ? ???? ? ???????? ? ???? ? ???? ? ???? ????? ? ???? ? ???? ? ???? ? ???? ? ? ???????? ? ???? ? ???? ? ? ???? ? ???????? ? ???? ? ? ???? ? ???? ? ?????????? ? ???? ? ???? ? ???? ????? ? ?????????? ? ???? ? ? ???? ? ?????????? ? ?? ???? ? ???? ? ???? ? ???? ??????????? ? ???? ? ???? ????? ? ? ???? ? ???? ? ???? ? ? ?? ???? ? ???? ? ???? ? ?? ???? ? ???? ? ???? ? ????? ? ???? ? ???? ? ???? ????? ? ???? ? ???? ? ???? ? ???? ? ???? ? ???? ? ???? ? ???? ? ???? ? ???? ? ???????? ? ???? ? ???? ? ???? ? ? ???? ? ???? ? ???? ? ????? ? ???? ? ???? ? ???? ? ?????? ? ???? ? ???? ? ???? ? ????? ? ???? ? ???? ? ????? ? ???? ? ???? ? ???? ? ????????? ? ???? ? ???? ? ????? ? ???????? ? ???? ? ????? ? ???? ? ???????? ? ????? ? ???? ? ???? ? ????????? ? ???? ? ???? ? ???? ? ?????????? ? ???? ? ????????? ? ???? ? ???? ? ???? ? ???? ? ????????? ? ????? ???? ? ???? ? ???? ? ???? ????? ? ???? ? ???? ? ?? ???? ? ???? ? ???? ? ????? ? ???? ? ???? ? ??????? ? ???? ? ???? ? ????? ????? ? ???? ? ?? ???? ????? ? ???? ? ????? ? ????? ? ????? ????? ? ????? ? ????? ? ???? ? ???? ? ???? ? ? ???? ? ???? ? ????? ? ???? ? ????? ? ????? ????? ? ????? ? ????? ? ???? ? ????? ? ????? ????? ? ????? ? ????? ? ???? ? ????? ? ????? ????? ? ????? ? ????? ? ???? ? ????? ? ????? ????? ? ????? ? ????? ? ???? ? ????? ? ????? ????? ? ????? ? ????? ? ???? ? ????? ? ????? ????? ? ????? ? ????? ????? ? ????? ? ????? ? ???? ? ????? ? ????? ????? ? ????? ? ????? ? ???? ? ????? ? ????? ????? ? ????? ? ????? ? ???? ? ????? ? ????? ????? ? ????? ? ????? ? ???? ? ????? ? ????? ????? ? ????? ? ????? ? ???? ? ????? ? ????? ????? ? ????? ? ????? ? ???? ? ????? ? ????? ????? ? ????? ? ????? ? ???? ? ????? ? ????? ????? ? ????? ? ????? ? ???? ? ????? ? ????? ????? ? ????? ? ????? ? ???? ? ????? ? ????? ????? ? ????? ? ????? ? ???? ? ????? ? ????? ????? ? ????? ? ????? ? ???? ? ????? ? ????? ????? ? ????? ? ????? ? ???? ? ????? ? ????? ????? ? ????? ? ????? ? ???? ? ????? ? ????? ????? ? ????? ? ????? ? ???? ? ????? ? ????? ????? ? ????? ? ????? ? ???? ? ????? ? ????? ????? ? ????? ? ????? ? ???? ? ????? ? ????? ????? ? ????? ? ????? ? ???? ? ????? ? ????? ????? ? ????? ? ????? ? ???? ? ????? ? ????? ????? ? ????? ? ????? ? ???? ? ????? ? ????? ????? ? ????? ? ????? ? ???? ? ????? ? ????? ????? ? ????? ? ????? ? ???? ? ????? ? ????? ????? ? ????? ? ????? ? ???? ? ????? ? ????? ????? ? ????? ? ????? ? ???? ? ????? ? ????? ????? ? ????? ? ????? ? ???? ? ????? ? ????? ????? ? ????? ? ????? ? ???? ? ????? ? ????? ????? ? ????? ? ????? ? ???? ? ????? ? ????? ????? ? ????? ? ????? ? ???? ? ????? ? ????? ????? ? ????? ? ????? ? ???? ? ????? ? ????? ????? ? ????? ? ????? ? ???? ? ????? ? ????? ????? ? ????? ? ????? ? ???? ? ????? ? ????? ????? ? ????? ? ????? ? ???? ? ????? ? ????? ????? ? ????? ? ????? ? ???? ? ????? ? ????? ????? ? ????? ? ????? ? ???? ? ????? ? ????? ????? ? ????? ????? ????? ? ????? ????? ? ? ???? ? ????? ? ????? ? ???? ? ????? ? ????? ? ???? ? ????? ? ????? ? ???? ? ????? ? ????? ? ???? ? ????? ? ????? ? ???? ? ????? ? ????? ? ???? ? ????? ? ????? ? ???? ? ????? ? ????? ? ???? ? ????? ? ????? ? ???? ? ????? ? ????? ? ???? ? ????? ? ????? ? ???? ? ????? ? ????? ? ???? ? ????? ? ????? ? ???? ? ????? ? ????? ? ???? ? ????? ? ????? ? ???? ? ????? ? ????? ? ???? ? ????? ? ????? ? ???? ? ????? ? ????? ? ???? ? ????? ? ????? ? ???? ? ????? ? ????? ? ???? ? ????? ? ????? ? ???? ? ????? ? ????? ? ???? ? ????? ? ????? ? ???? ? ????? ? ????? ? ???? ? ????? ? ????? ?"

"## 1. 1. 1. 1. 1. 1. 1. 2. 2. 2. 2. 2. 2. 3. 3. 3. 3. 3. 3. 4. 4. 4. 4. 4. 4. 5. 5. 5. 5. 5. 5. 6. 6. 6. 6. 6. 6. 7. 7. 7. 7. 7. 7. 8. 8. 8. 8. 8. 8. 9. 9. 9. 9. 9. 9. 10. 10. 10. 10. 10. 11. 11. 11. 11. 11. 12. 12. 12. 12. 12. 13. 13. 13. 13. 14. 14. 14. 14. 15. 15. 15. 15. 16. 16. 16. 16. 17. 17. 17. 17. 18. 18. 18. 18. 19. 19. 19. 19. 20. 20. 20. 20. 21. 21. 21. 21. 22. 22. 22. 22. 23. 23. 23. 24. 24. 24. 25. 25. 25. 26. 26. 26. 27. 27. 27. 28. 28. 28. 29. 29. 29. 30. 30. 30. 31. 31. 31. 32. 32. 32. 33. 33. 33. 34. 34. 34. 35. 35. 35. 36. 36. 36. 37. 37. 37. 38. 38. 38. 39. 39. 39. 40. 40. 40. 41. 41. 41. 42. 42. 42. 43. 43. 43. 44. 44. 44. 45. 45. 45. 46. 46. 46. 47. 47. 47. 48. 48. 48. 49. 49. 49. 50. 50. 50. 51. 51. 51. 52. 52. 52. 53. 53. 53. 54. 54. 54. 55. 55. 55. 56. 56. 56. 57. 57. 57. 58. 58. 58. 59. 59. 59. 60. 60. 60. 61. 61. 61. 62. 62. 62. 63. 63. 63. 64. 64. 64. 65. 65. 65. 66. 66. 66. 67. 67. 67. 68. 68. 68. 69. 69. 69. 70. 70. 70. 71. 71. 71. 72. 72. 72. 73. 73. 73. 74. 74. 74. 75. 75. 75. 76. 76. 76. 77. 77. 77. 78. 78. 78. 79. 79. 79. 80. 80. 80. 81. 81. 81. 82. 82. 82. 83. 83. 83. 84. 84. 84. 85. 85. 85. 86. 86. 86. 87. 87. 87. 88. 88. 88. 89. 89. 89. 90. 90. 90. 91. 91. 91. 92. 92. 92. 93. 93. 93. 94. 94. 94. 95. 95. 95. 96. 96. 96. 97. 97. 97. 98. 98. 98. 99. 99. 99. 100. 100. 100. 101. 101. 101. 102. 102. 102. 103. 103. 103. 104. 104. 104. 105. 105. 105. 106. 106. 106. 107. 107. 107. 108. 108. 108. 109. 109. 109. 110. 110. 110. 111. 111. 111. 112. 112. 112. 113. 113. 113. 114. 114. 114. 115. 115. 115. 116. 116. 116. 117. 117. 117. 118. 118. 118. 119. 119. 119. 120. 120. 120. 121. 121. 121. 122. 122. 122. 123. 123. 123. 124. 124. 124. 125. 125. 125. 126. 126. 126. 127. 127. 127. 128. 128. 128. 129. 129. 129. 130. 130. 130. 131. 131. 131. 132. 132. 132. 133. 133. 133. 134. 134. 134. 135. 135. 135. 136. 136. 136. 137. 137. 137. 138. 138. 138. 139. 139. 139. 140. 140. 140. 141. 141. 141. 142. 142. 142. 143. 143. 143. 144. 144. 144. 145. 145. 145. 146. 146. 146. 147. 147. 147. 148. 148. 148. 149. 149. 149. 150. 150. 150. 151. 151. 151. 152. 152. 152. 153. 153. 153. 154. 154. 154. 155. 155. 155. 156. 156. 156. 157. 157. 157. 158. 158. 158. 159. 159. 159. 160. 160. 160. 161. 161. 161. 162. 162. 162. 163. 163. 163. 164. 164. 164. 165. 165. 165. 166. 166. 166. 167. 167. 167. 168. 168. 168. 169. 169. 169. 170. 170. 170. 171. 171. 171. 172. 172. 172. 173. 173. 174. 174. 174. 175. 175. 175. 176. 176. 176. 177. 177. 177. 178. 178. 178. 179. 179. 179. 180. 180. 180. 181. 181. 181. 182. 182. 182. 183. 183. 183. 184. 184. 184. 185. 185. 185. 186. 186. 186. 187. 187. 187. 188. 188. 189. 189. 190. 190. 190. 191. 191. 191. 192. 192. 192. 193. 193. 193. 194. 194. 194. 195. 195. 195. 196. 196. 196. 197. 197. 197. 198. 198. 198. 199. 199. 199. 200. 200. 200. 201. 201. 201. 202. 202. 203. 203. 203. 204. 204. 204. 205. 205. 205. 206. 206. 206. 207. 207. 207. 208. 208. 208. 209. 209. 209. 210. 210. 210. 211. 211. 211. 212. 212. 212. 213. 213. 214. 214. 214. 215. 215. 215. 216. 216. 216. 217. 217. 217. 218. 218. 218. 219. 219. 220. 220. 220. 221. 221. 221. 222. 222. 222. 223. 223. 224. 224. 224. 225. 225. 226. 226. 226. 227. 227. 227. 228. 228. 228. 229. 229. 229. 230. 230. 231. 231. 232. 232. 232. 233. 233. 234. 234. 234. 235. 235. 235. 236. 236. 236. 237. 237. 237. 238. 238. 238. 239. 239. 239. 240. 240. 240. 241. 241. 241. 242. 242. 242. 243. 243. 243. 244. 244. 244. 245. 245. 245. 246. 246. 246. 247. 247. 247. 248. 248. 248. 249. 249. 249. 250. 250. 251. 251. 251. 252. 252. 252. 253. 253. 253. 254. 254. 254. 255. 255. 255. 256. 256. 256. 257. 257. 257. 258. 258. 258. 259. 259. 259. 260. 260. 260. 261. 261. 261. 262. 262. 262. 263. 263. 263. 264. 264. 264. 265. 265. 265. 266. 266. 266. 266. 267. 267. 267. 268. 268. 268. 269. 269. 269. 270. 270. 270. 271. 271. 271. 272. 272. 272. 272. 273. 273. 273. 274. 274. 274. 275. 275. 275. 276. 276. 276. 277. 277. 277. 278. 278. 278. 279. 279. 279. 280. 280. 280. 281. 281. 281. 282. 282. 282. 283. 283. 283. 284. 284. 284. 285. 285. 285. 286. 286. 286. 286. 287. 287. 287. 288. 288. 288. 289. 289. 289. 290. 290. 290. 291. 291. 291. 292. 292. 292. 293. 293. 293. 294. 294. 294. 295. 295. 295. 296. 296. 296. 296. 297. 297. 297. 298. 298. 298. 299. 299. 299. 300. 300. 300. 301. 301. 301. 302. 302. 302. 302. 303. 303. 303. 304. 304. 304. 305. 305. 305. 306. 306. 306. 306. 307. 307. 307. 308. 308. 308. 309. 309. 309. 310. 310. 310. 311. 311. 311. 312. 312. 312. 312. 313. 313. 313. 314. 314. 314. 314. 315. 315. 315. 316. 316. 316. 316. 317. 317. 317. 318. 318. 318. 319. 319. 319. 320. 320. 320. 320. 321. 321. 321. 321. 322. 322. 322. 322. 322. 323. 323. 323. 323. 324. 324. 324. 324. 325. 325. 325. 325. 326. 326. 326. 326. 326. 327. 327. 327. 327. 328."",142.37662337662337"
"253/25.jpg,""mà còn ?? con ???ng xu?ng c?p thê th?m, có ph?i là góp thêm ph?n"",""min con dièi' con dèi'ng xuan'ng ?i'ng thich'm, s phu'ch' appi' thien phu'c'i"",0.671875"
"253/26.jpg,""làm x?u ?i môi tr??ng ??u t? c?a thành ph? hay không, và c?ng"",bon xin ti/ mi nong xin jiu cua Chinh phu hong 1 mi cung,0.5409836065573771"
253/27.jpg,??ng ngh?a v?i vi?c m?t ?i bao nhiêu c? h?i làm vi?c và c?i thi?n cu?c s?ng,h?i ngh?a nói vi?c m?i ?ã bao nhiêu vì h?n b?n vi?c và c? nhi?u vi?c này.,0.36
253/28.jpg,c?a ng??i lao ??ng - ??ng bào - hay không?,ou a' ngu'di bòsìrìy - dòrìy bòsì - hìy thàrìy?,0.6904761904761905
"253/29.jpg,""Chúng ta """" hoan nghênh và bi?u d??ng nh?ng vi?c làm t?t c?a công nhân"",chuy?n lên c? b?n nghiêm v? nh?ng th??ng xuyên m?c lâm l?n c?a cây nhân,0.5652173913043478"
"253/30.jpg,""xây d?ng trong vi?c thông tin, ph?n ánh sai ph?m c?a công trình ???ng"",xiey ding hong yue is the major singing problem and you phonem can't join in this thing.,0.7971014492753623"
"253/31.jpg,""liên c?ng A5 """", nh?ng ch?c là không có hình th?c hoan nghênh và bi?u"",""her song AS 2), many that is, many is what the author regards in their"",0.7205882352941176"
"253/32.jpg,d??ng nào thi?t th?c h?n ??i v?i anh ??i và nh?ng ??ng nghi?p là x? lý ngay,""many units, there has been such a lot of rain in many days during the last few years."",0.84"
253/33.jpg,nh?ng sai ph?m (?ã rõ m??i m??i) và có bi?n pháp h?u hi?u kh?c ph?c,nh?ng m?i quan h? con mình (và c? liên h? pháp lu?n liên h? th?i gian),0.6716417910447762
253/34.jpg,nh?ng sai ph?m ?ó. Có nh? v?y ni?m tin vào l? ph?i m?i ???c khôi ph?c,ending! Mai làm ?i - có nh?ng ngày làm - g?n nh? là ph?i m?t ?i chút ph?i.,0.5652173913043478
"253/35.jpg,và ng??i dân s? không còn ph?i ??t c??c cho ni?m tin c?a mình.,""a singular don't let them come here, they don't care who wins, it's just a game."",0.8709677419354839"
253/36.jpg,Ph?i là m?t câu chuy?n ?àng hoàng! Nhóm công nhân d?ng c?m ?y g?m,Phân tích m?i liên h? chuy?n h??ng v? tham gia nghiên c?u ?ánh giá m?i v? qu?n lý,0.8461538461538461
253/37.jpg,20 ng??i v?y mà h?u nh? nay ?ã lang b?t h?t. Ch? còn anh ??i và b?n,20 ng??i Vi?t m?i bàn thân ngày th?y h?n h?n. Ch? mình ?en v?n th?t,0.582089552238806
"253/38.jpg,""ng??i khác. Thân ph?n, cu?c s?ng c?a h? là bi ?át, và ?i?u m?a mai c?ng"",""ng??i nh? th?, thân ph?n, qu?ng cáo không có th? tr?n ??i tác mà m?c c?ng"",0.5633802816901409"
"253/39.jpg,""nh? làm ch?nh lòng tôi là có ph?i h? ?ã x? thân vì ??i ngh?a ?? r?i gia ?ình,"",""when some changes in the pattern of the x-axis and y-axis in the figure, the"",0.7792207792207793"
"253/40.jpg,""v? con ly tán, th?t nghi?p, lâm vào c?nh ??i tan nát nh? th? sao! Vì sao h?"",""i've only been doing this thing, but i was only doing it for a little while."",0.7866666666666666"
"253/41.jpg,""?ã làm ?i?u ?ó? Ba n?m trôi qua, ch?c h?n ?ã hàng tr?m, ngàn l?n"",""He bin diwan dius Bar man finna, what han' da hay toun ngun ha'"",0.640625"
"253/42.jpg,""câu h?i ?ó t? ??n v?i h? ho?c ??n t? ng??i thân, b?n bè ?i kèm s? chua"",can have a lot of fun - we'll have fun in your living room.,0.7714285714285715"
"253/43.jpg,""chát, ng?m ngùi."",chat / nymm my.,0.5625"
"253/44.jpg,""Và hôm nay, chúng ta c?ng c?n h?i câu h?i này v?i chính mình."",""va bám này, chuy?n luôn còn h?i còn hàng v?a chính mình."",0.4098360655737705"
254/1.jpg,KHÁI QUÁT V? BI?N ??O VI?T NAM,KHAI QU?T VI?N BI?N ??O VI?T NAM,0.2333333333333333
254/2.jpg,N??c ta giáp v?i bi?n ?ông ? hai phía ?ông và Nam. Vùng bi?n Vi?t Nam,N??c ta g?p v?i bình ?ông ? hai phía ?ông và Nam. Vùng bình Vi?t Nam,0.1159420289855072
254/3.jpg,là m?t ph?n bi?n ?ông.,là m?t ph?n bi?n ?óng.,0.1363636363636363
"254/4.jpg,""B? bi?n dài 3.260 km, t? Qu?ng Ninh ??n Kiên Giang. Nh? v?y c? 100 km2"",""Bà biên ?ài 3.260 km, t?i Qu?ng Ninh tân Kiên Giang. Nh? v?y ?ã 100 km."",0.1428571428571428"
254/5.jpg,thì có 1 km b? bi?n (trung bình c?a th? gi?i là 600 km2 ??t li?n / 1 km b? bi?n).,thì có 1 km b? biên (trung bình c?a th?i gian là 600km² ??t biên/1km b? biên).,0.1975308641975308
"254/6.jpg,""Bi?n có vùng n?i th?y, lãnh h?i, vùng ??c quy?n kinh t? và th?m l?c ??a v?i"",""Bên c? vùng n?i th?y, tành hài, vùng ?a nguyên kinh t? và thêm l?ch s?"",0.28"
"254/7.jpg,di?n tích trên 1 tri?u km2 (g?p 3 di?n tích ??t li?n : 1 tri?u km2 /,""when fish aren't alive, they're gone & dies for fish that live: fishes"",0.7941176470588235"
"254/8.jpg,330.000 km2),""\[ 330.000 \, \text{km}^2 \]"",1.4166666666666667"
"254/9.jpg,""Trong ?ó có 2 qu?n ??o Hoàng Sa, Tr??ng Sa và 2.577 ??o l?n, nh?,"",""G??ng ?ó có li?u thông Sa, G??ng Sa và 2.5772c?a th?i,"",0.4461538461538462"
"254/10.jpg,""g?n và xa b?, h?p thành phòng tuy?n b?o v?, ki?m soát và làm ch?"",""gài vì xa b?, h?p thính phòng tuy?n báo v?, ki?m soát và làm ch?"",0.140625"
"254/11.jpg,vùng bi?n.,""Mün  "
"bien?"",0.6"
"254/12.jpg,""Có v? trí chi?n l??c quan tr?ng : n?i li?n Thái Bình D??ng v?i ?n ?? D??ng,"",""Cô v? th? chi?n th?ng quan tr?ng: m?i liên h? b?u ?ông v?i Anh ?ông,"",0.3733333333333333"
"254/13.jpg,""châu Á v?i châu Âu, châu Úc v?i Trung ?ông. Giao l?u qu?c t? thu?n"",""cháu A v?i cháu A, cháu Vô v?i Trung ?ông. Giáo luôn quy?t thích"",0.2878787878787879"
"254/14.jpg,""l?i, phát tri?n ngành bi?n."",""\[ \{ \text{iii, phát tri?n ngành b?n} \}. \]"",0.8518518518518519"
254/15.jpg,Có khí h?u bi?n là vùng nhi?t ??i t?o ?i?u ki?n cho sinh v?t bi?n phát,Có khi h?u biên lá vùng nhi?t ??i t?o ?i?u ki?n cho sâu vât biên phát,0.1428571428571428
"254/16.jpg,""tri?n, t?n t?i t?t."",""?????, ??? ??? ???."",0.7368421052631579"
"254/17.jpg,""Có tài nguyên sinh v?t và khoáng s?n phong phú, ?a d?ng, quý hi?m."",""Có tài nguyên sinh v?t và kho?ng sân phòng phù, tá d?ng quý hôm."",0.1363636363636363"
"254/18.jpg,""Vùng bi?n và h?i ??o n??c ta có v? trí chi?n l??c h?t s?c to l?n, có ?nh h??ng"",""Vùng bình v?n h?i ??o m?c ta có rìa chính l??i h?t s?c to l?n, có ?nh h??ng"",0.2435897435897435"
254/19.jpg,tr?c ti?p ??n s? nghi?p b?o v? n?n ??c l?p dân t?c và xây d?ng ch? ngh?a,trúc-t?p ??n s? nghi?p b?o v? niên ??c l?p ??m b?o vai trò ?áng chú ngh?a.,0.2916666666666667
"254/20.jpg,""xã h?i, có liên quan tr?c ti?p ??n s? ph?n vinh c?a ??t n??c, ??n v?n"",""x? hài, eó hèn quen thích t?p ??n s? ph?n vinh c?a ??t mùa, ??n v?n"",0.2463768115942029"
254/21.jpg,minh và h?nh phúc c?a nhân dân.,mình và hành phúc c?a mình dân.,0.1935483870967742
255/1.jpg,B?N CH?T C?A THÀNH CÔNG,B?n ch?t c?a thành công,0.0
"255/2.jpg,?ã bao gi? b?n t? h?i thành công là gì mà bao k? b? c? cu?c ??i mình theo ?u?i? Ph?i ch?ng,""""""Are you going to be here tomorrow?"""""",0.8333333333333334"
"255/3.jpg,""?ó là k?t qu? hoàn h?o trong công vi?c, s? chính xác ??n t?ng chi ti?t? Hay ?ó là cách nói"",""this is what you mean, that strong voice, it's always easier than trying out that? I may do it easier, not."",0.7888888888888889"
"255/4.jpg,""khác c?a t? thành ??t, ngh?a là có ???c m?t cu?c s?ng giàu sang, ???c m?i ng??i n? ph?c?"",""khác c?n t? thanh ??t, ngh?a là có ?i?u c?ng s?ng quan sang, ?i?u m?i ngh?a là ph?c ?"",0.3181818181818182"
255/5.jpg,V?y thì b?n hãy dành chút th?i gian ?? l?ng mình suy ng?m.,V?y thì b?n hãy dành chút th?i gian ?? k? nh?ng suy ng?m.,0.1379310344827586
255/6.jpg,Cu?c s?ng s? ch? cho b?n có nh?ng ng??i thành ??t ???c thành công theo m?t cách gi?n d? ??n b?t,que song se chú cho ban có nh?ng ng??i thánh t?t thánh ?ng th?i m?t cách g?n ?ón t?i.,0.3157894736842105
255/7.jpg,ng?,h?,1.0
"255/8.jpg,""Thành công là khi b? và con trai có d?ng khí b??c vào b?p, n?u nh?ng món ?n m? thích nhân"",""Thanh càng l?n khu b?c và con trai có dùng kh? bi?t nào bap, n?u nh?ng món ?n m?-thách nhau"",0.2022471910112359"
"255/9.jpg,""ngày 8 - 3. Món canh có th? h?i m?n, món cá s?t ?áng l? ph?i có màu ?? s?m thì l?i ng? sang"",ngay 8-3. M?i c?nh c? th? này m?i c? s? t?ng l? ph?t có m?u áp s?n thi l?i ngã sang,0.3736263736263736"
"255/10.jpg,""màu... ?en cháy. Nh?ng nhìn mâm c?m, m? v?n c??i. B?i vì hai b? con không th? thành"",""mai ... den chay. Nh?ng mình màn c?m, m? em c?ng c?ng: ôi vì hai bên không th? thành"",0.3253012048192771"
"255/11.jpg,""công trên """" chi?n tr??ng """" b?p núc, nh?ng l?i thành công khi t?ng m? """" ?oá h?ng """" c?a tình yêu."",""sing three """"chicken"""" biting """"bep"""" nice, making last thanks only his """"beep"""" me. """"da king"""" can't think you."",0.6105263157894737"
"255/12.jpg,""M?t món quà ý ngh?a h?n c? nh?ng món quà quý giá, h?nh phúc ?y long lanh in trong m?t"",""mei min quan yin huon hien ca nhung min quan quy giao, hanh phuc ay long lanh in trong an tet"",0.3411764705882353"
255/13.jpg,m?.,m?,0.6666666666666666
"255/14.jpg,""Thành công còn là hình ?nh m?t c?u bé b? d? t?t ? chân, không bao gi? ?i l?i bình th??ng"",""Thank ing can in hinh anh mat eau be bi at tat e chao, kring bao giu tai lai binh thuing"",0.3295454545454545"
"255/15.jpg,""???c. T? nh? c?u ?ã nuôi ??c m? tr? thành c?u th? bóng ?á. Sau bao n? l?c kh? luy?n, c?u"",""Hei. Tôi nh? c?m ?n tôi m? tôi thích c?m th? bóng tôi. Sau bao nó lúc khá ch?ng, c?m"",0.4204545454545454"
"255/16.jpg,""bé tr? thành c?u th? d? b? trong m?t ??i bóng nh?, và ch?a bao gi? ???c chính th?c ra sân."",""he treat thanks each the all bi tong met ats long nha, po chua bao giat the chun thue ra sao."",0.4444444444444444"
"255/17.jpg,""Nh?ng ?ó không ph?i là th?t b?i. Trái l?i, thành công ?ã n? hoa khi c?u bé n?m x?a, v?i bao"",""Nothing don't bring pleas. In that bar. Treats last, thankin' don't bring him out. In man man, you have"",0.7032967032967034"
"255/18.jpg,""ngh? l?c và quy?t tâm, ?ã chi?n th?ng hoàn c?nh ?? theo ?u?i ??c m? t? ngày th? bé."",""night, we use a night lamp, and always hang a lamp beside the bed."",0.7469879518072289"
"255/19.jpg,""Thành công ?y, li?u có m?y ng??i ??t ???c?"",""Thanh công ?y, li?u có m?y ng??i ??t th?c ?"",0.1428571428571428"
"255/20.jpg,""Sau m?i mùa thi ??i h?c, có bao """" s? t? """" bu?n r?u khi bi?t mình tr? thành """" s? t? """". Hai b?y ?i?m,"",""Sau m? mua th?t t??i, có bao """"s?a túi"""" buôn rau khi b?nh mình tr? thành """"s?a túi"""": hai b?y ?ôi m?,"",0.3131313131313131"
255/21.jpg,cao th?t ??y. Nh?ng cao mà làm gì khi NV1 l?y t?i hai b?y ph?y n?m? ?ó th?t ra không ph?i,even that day. Nothing can make me lose my mind. I don't let the rain keep my mind too that I'm losing hope.,0.7191011235955056
"255/22.jpg,""là th?t b?i, ch? là khi thành công - b? - trì - hoãn mà thôi. Cu?c s?ng v?n chào ?ón h? v?i"",""I am short but, she's a khu thanh cng bi' - tri- thanh ma than. Quyong van chua dan ho nhi."",0.5054945054945055"
"255/23.jpg,""NV2, NV3. Quan tr?ng là h? ?ã n? l?c h?t s?c ?? kh?ng ??nh mình. ?ó là ý ngh?a v?n nguyên"",""Nv2, Nv3. Quan trong lí hoa ?ánh nô lôc hát s?c ?? kháng ?i?u mình. Do lý ngh?a v?n nguyên"",0.2247191011235955"
"255/24.jpg,""c?a các k? thi, và c?ng là b?n ch?t c?a thành công."",""c?a các ký thú, và c?ng là b?n ch?t c?a thành công."",0.0392156862745098"
