folder,image_name,ground_truth,baseline_prediction,baseline_cer,finetuned_prediction,finetuned_cer,improvement,improvement_pct
250,1.jpg,Thứ trưởng Bộ Tài nguyên & môi trường Đặng Hùng Võ tâm đắc với,Thứ tháng Bảy năm ngày và mới tháng Đáng Hùng vào năm 1942 với:,0.4354838709677419,Thứ trưởng Bộ Tài nguyên và môi trường Đặng Hùng Võ đã ra đã với,0.1451612903225806,0.29032258064516125,66.66666666666666
250,2.jpg,"cơ chế "" khuyến khích nhà đầu tư thỏa thuận với người sử dụng đất để nhận","có thể ""không khác, mà tôi thỏa thuận với người sửa đổi"" để nhấn",0.3698630136986301,"có thể "" khuyến khích nhà đầu tư thỏa thuận với người sử đất để nhận",0.1095890410958904,0.2602739726027397,70.37037037037037
250,3.jpg,"chuyển nhượng hoặc thuê quyền sử dụng đất, nhận góp vốn bằng quyền sử","chuyên nhúng hoặc thực quyển sử dụng đặt, nhân góp vốn bảng quyển sử",0.144927536231884,"chuyển những hoặc thực quyền sử dụng đất, nhận góp vốn bằng quyền sử",0.0579710144927536,0.0869565217391304,60.0
250,4.jpg,"dụng đất... "" Nhưng tại hội nghị hôm qua, tiếng nói từ các sở tài nguyên","dùng đặt ... "" Mừng tai hồi nghĩa hôm qua, tiếng nói: hãi cái gò tàn nguyện.",0.2777777777777778,"dung đất... "" Nhưng tại hội nghị hôm qua, tiếng nói hỏi các sở tài nguyên",0.0555555555555555,0.2222222222222223,80.00000000000003
250,5.jpg,"& môi trường lại đều đồng thanh "" loại bỏ "" điều khoản này ra khỏi dự thảo.","và mới thấy lời tiếc hãm ""you bo"" tiếc chưa nảy ra loại đã tháo.",0.5466666666666666,"và môi trường lên tiền hành "" toạ bố "" điều khoản này ra khỏi dự thảo.",0.2133333333333333,0.33333333333333337,60.97560975609757
250,6.jpg,Giám đốc Sở Tài nguyên & môi trường Hải Phòng Chu Minh Tuấn cho,gian đời Sở tài nguyên và môi trường Hải phòng chương Minh Trần che,0.2063492063492063,giám đốc Sở Tài nguyên và môi trường Hải Phòng Chương trình chưa,0.1904761904761904,0.0158730158730159,7.692307692307707
250,7.jpg,"biết thành phố cảng từng áp dụng cơ chế "" thỏa thuận "" trong một số","but think that can't bring up being a cheater. ""I don't think I'm a cheater.""",0.7164179104477612,"biết thành phố cảng đứng áp dụng các chế "" hoả "" thuận "" trong một số",0.1343283582089552,0.582089552238806,81.25000000000001
250,8.jpg,"rất ít trường hợp, vậy mà đã gây phản ứng theo kiểu dây chuyền khá","yet it might happen, and my main goal in my life is to stay young the whole day.",0.8787878787878788,"rất ít trường hợp, vậy mà đã gây phản ứng y theo kiểu đầy chuyện "" lạ """,0.1666666666666666,0.7121212121212122,81.0344827586207
250,9.jpg,"mạnh : anh này nhận tiền rồi quay lại đòi nữa, anh kia thỏa thuận","mamh: anh nay nhân triển rồi quay lại đời mùa, anh luôn thơ thưa.",0.2923076923076923,"mạnh : anh này nhận tiền rồi quay lại đòi nữa, anh lựa theo thuận",0.0615384615384615,0.23076923076923084,78.94736842105266
250,10.jpg,xong quay ra đòi thỏa thuận lại...,xong quay ra tôi thoa' thua lai...,0.2058823529411764,xông quay ra đôi thoại thưa là...,0.2941176470588235,-0.08823529411764708,-42.85714285714288
250,11.jpg,"Chưa kể để doanh nghiệp và người dân "" nói chuyện "" với nhau như","clima leită"" doamă înghețat va îngheța dacă ""nici clingeță"" voia înainte me",0.71875,"chưa kể để doanh nghiệp và người dân "" nói chuyện "" với nhau như",0.0,0.71875,100.0
250,12.jpg,"vậy, quyền của cơ quan quản lý nhà nước sẽ mất đi. "" Tôi cũng có suy","vâng, quyên của cô quan quan lý nhà nước sẽ mất đi. ""Tôi cũng có sự",0.1323529411764706,"vậy, quyền của cơ quan quản lý nhà nước sẽ mất đi "". Tôi cũng có suy",0.0294117647058823,0.10294117647058829,77.77777777777781
250,13.jpg,"nghĩ như đồng chí "" Bỏ được qui định này đi thì tốt. Cùng một lúc chúng","night-night chai"" Bo"" there, you drink may stir the hot. Can't make the thing",0.647887323943662,"nghỉ như đường chợ "" Bỏ được qui định này đi thì tốt. Cũng một lúc chúng",0.0704225352112676,0.5774647887323944,89.13043478260869
250,14.jpg,ta thực hiện hai cơ chế (vừa Nhà nước thực hiện thu hồi đất như cách,"на что ни к чему, если сонно, когда надо, то что ни в чем, так и тому, когда",0.9558823529411764,ra thuốc hiệu hai cơ chế (vừa nhà nước thuốc hiệu thu hồi đất như cách,0.1029411764705882,0.8529411764705882,89.23076923076924
250,15.jpg,"làm lâu nay, vừa khuyến khích nhà đầu tư thỏa thuận với người sử dụng","kim nay, suân lehgren’ khác là một đoạn từ thông thường với người sử dụng",0.4782608695652174,"làn nay, vừa khuyên khắc nhà đầu hộ thuê thanh vốn người sử dụng",0.2463768115942029,0.2318840579710145,48.484848484848484
250,16.jpg,"đất) thì phức tạp - ông Trịnh Kiên Đĩnh, phó giám đốc Sở Tài","тай (т) пил'кап - jəŋ Trinh ličen Əlin, p'ə'giən stə'cə sə'ta",0.6666666666666666,"đất) thì phải tạp - ông Trịnh Liên Định, phó giám đốc Sở Tài",0.0666666666666666,0.6000000000000001,90.00000000000001
250,17.jpg,"nguyên - môi trường và nhà đất Hà Nội, lên tiếng.",negligent - most dutifully was what death had no right to do.,0.8163265306122449,"nguyệt - mới được vụ nhà đất Hà Nội, liên tiệng.",0.2244897959183673,0.5918367346938777,72.50000000000001
250,18.jpg,"Bảo vệ lập trường của cơ quan soạn thảo, Thứ trưởng Đặng Hùng Võ khẳng định","Báo với, lớp thường cần quen sạch tháo, Thủ trưởng đứng vị trí thứ nhất.",0.4533333333333333,"Đào về lập thường của cơ quan soạn trưa, Thứ trưởng Đặng Hùng Võ khẳng định",0.0933333333333333,0.36,79.41176470588236
250,19.jpg,""" trường hợp nhà đầu tư có nhu cầu thỏa thuận với người đang sử dụng đất, chúng","nǐnǐng hǎo, mā mā shì ér sān nián chū rì, wǒ nǐ guò le dāng rén de, dìng",0.7341772151898734,""" thường hợp nhà đầu tư có nhu cầu thỏa thuận với người đang rời dựng đất, chúng",0.0632911392405063,0.6708860759493671,91.37931034482759
250,20.jpg,"ta cần khuyến khích vì Nhà nước chẳng mất cái gì cả "". Ông Võ "" kêu gọi "" :","ta cán huỳnh biết rõ Nhà nước chẳng mất cái gì cả "". ông vợ ""kiên gọi"":",0.24,"tả cấn khuyến khích từ Nhà nước chẳng suất cái gì cả "". Ông Võ "" kiêu gọi "" :",0.0933333333333333,0.1466666666666667,61.11111111111113
250,21.jpg,"chúng ta cần thay đổi trong quan điểm, không nên để hệ thống hành chính","ching fe cên thay đổi trong quan điểm, không nên đọc lên thông hành chính",0.1408450704225352,"chúng ta cần thay đổi trong quan điểm, không nên để hệ thống hành chính",0.0,0.1408450704225352,100.0
250,22.jpg,"ôm về mình nhiều quá, bởi ôm càng nhiều thì sai càng nhiều. Bộ trưởng Mai","ơn viêm nhìn qua, bởi ôm càng nhìn thì sao càng nhìn, Bí trưng Mai",0.2876712328767123,"Ôm về mình khiến quá, bởi ôm căng nhiều thì sai càng nhiều. Bộ trưởng Mai",0.0547945205479452,0.2328767123287671,80.95238095238095
250,23.jpg,Ái Trực tiếp lời : Các nước đều áp dụng cơ chế tự thỏa thuận khi thu hồi,Aí frute tróp léi: Che muió stáir do lengy ós ché tróth thóag lhú thúchó!,0.5833333333333334,Ái trực tiếp lại : Các nước đều ép dựng và chỉ trì thoát thông khi thu hồi,0.1944444444444444,0.38888888888888895,66.66666666666667
250,24.jpg,đất.,书法,1.0,đất.,0.0,1.0,100.0
250,25.jpg,"Ngay cả trường hợp ta không qui định, người dân và doanh nghiệp vẫn thực hiện","Ngay cũ trường hẹp tư liêng qui định, người dân và doanh nghiệp vẫn thực hiện",0.0779220779220779,"Ngay cả trường hợp ta không qui định, người dân và doanh nghiệp vẫn thực hiện",0.0,0.0779220779220779,100.0
250,26.jpg,"cơ chế này. "" Nếu cứ dùng quyền lực hành chính nhà nước với mô hình khuôn","of the day. ""We'll do things right, the hand that makes music is the hand that does it.""",0.8493150684931506,"cơ chế này. "" Nếu cứ dùng quyền lực hành chính nhà nước với mô hình khoán",0.0273972602739726,0.821917808219178,96.7741935483871
250,27.jpg,"cứng, người dân sẽ kêu "" - ông Trực nói. Chuyện "" bố "" - "" con "". Phó giám đốc","cùng, người dân tác kêu ""ông Trúc nói. Chuyên ""bò"" - ""con"". Phó Giám đốc.",0.1923076923076923,"cũng, người dân sẽ kêu "" - ông Trực nói. Chiếm "" bố "" - "" con "". Phó Giám đốc",0.0641025641025641,0.1282051282051282,66.66666666666666
250,28.jpg,Sở Tài nguyên - môi trường & nhà đất Hà Nội Trịnh Kiên Đĩnh đề nghị : thẩm,"※Tài nguyên - môi trường ở nhà đất trên Nội Trung, Kiên Bình đất nghị: Trầm",0.2432432432432432,Số Tây nguyên - mới trường đi nhờ đất Hà Nội Trinh Kiên Điều để ngày trời làm,0.2837837837837837,-0.040540540540540515,-16.66666666666666
250,29.jpg,"quyền thu hồi đất, giao đất phải được thể hiện theo tinh thần "" ông bố bao trùm","quyên thư lời: đặt, giao đặt phải: đưa thơ hien theo tình ưng lời bao trùm",0.3037974683544304,"quyền hạn lợi đất, giao đất phải được thực hiện theo tình hình "" song lối báo trầm",0.2151898734177215,0.08860759493670889,29.166666666666675
250,30.jpg,"ông con "". Theo đó, UBND cấp tỉnh, thành phố được quyền thu hồi, giao đất","Bing can’t. Theo doesn’t think, thanks please, guys in the list, you don’t",0.6301369863013698,"Động cơ "". Theo đó, UBND cấp tỉnh, thành phố được quyền thu hồi, giao đất",0.0547945205479452,0.5753424657534246,91.30434782608695
250,31.jpg,"thuộc thẩm quyền của UBND cấp quận, huyện (thay vì qui định như hiện nay,","These thăm quyên của UBND cấp quận, huyện (They or qui định như thêm này,",0.1780821917808219,"thực thẩm quyền của UBND cấp quận, huyện (thay vì tại địa phương,",0.2054794520547945,-0.0273972602739726,-15.384615384615385
250,32.jpg,""" ông bố "" muốn làm điều này phải thông báo cho "" ông con "" thực hiện, vừa nhiêu","""Ủng bố"" mưu sản đại niệm phải thông báo cho ông con ""thực hiện, ưu tiên""",0.3125,""" ông bố "" nước lâm đầu vàng phải không báo cho ông con "" thực hiện, vừa nhiêu",0.1625,0.15,48.0
250,33.jpg,khê vừa không thể hiện hướng đi cải cách thủ tục hành chính).,the sun shining like a burning star each time the thunderous.,0.7213114754098361,khó vừa không thể kiện hướng đi các cách thủ tục thành thủ thuộc).,0.1967213114754098,0.5245901639344263,72.72727272727273
250,34.jpg,"Lập tức Thứ trưởng Đặng Hùng Võ phản ứng : "" ông bố "" có quyền của "" ông bố "",","Tap the third finger, bring the thumb up, ""long be"" to queen in a ""long be"".",0.5897435897435898,"Lập tức Thứ trưởng Đặng Hùng Võ phân công : "" Ông bố có quyền của "" ông bố "",",0.0641025641025641,0.5256410256410257,89.13043478260869
250,35.jpg,""" ông con "" có quyền của "" ông con "". Luật không cho phép "" ông bố "" làm thay "" ông","""Gìng còn"" có quyển của ""Gìng còn"". Lượt không đảo pháp ""ông bà"" làm thay ""ông",0.216867469879518,""" Ông còn có quyền của "" ông con "". Lượt không cho phép "" ông bố "" làm thay "" ông",0.0602409638554216,0.1566265060240964,72.22222222222226
250,36.jpg,"con "". Trường hợp nào làm thay là phạm luật, chỉ có điều hiện nay các "" ông","com"". Trường hợp nào làm thay lại phạm luật, thì có điều kiện huyền bàng ngay",0.2533333333333333,"con "". Trường hợp nào làm thay là phạm luật, chỉ có điều kiện này sẽ công",0.0933333333333333,0.16,63.15789473684211
250,37.jpg,"con "" không dám kêu mà thôi!","con ""kêng đám kiên ma-tsi !""",0.4285714285714285,"còn "" không dám kiều mà thôi! "".",0.2142857142857142,0.2142857142857143,50.000000000000014
251,1.jpg,Chương trình hành động thực hiện Nghị quyết trung ương 9 - khóa,Chuông trình hành dòng thực hiện Nghị quyết trung ương 9-thoại,0.1587301587301587,Chương trình hành động thực hiện Nghị quyết trung ương 9 - khóa,0.0,0.1587301587301587,100.0
251,2.jpg,IX của Đảng bộ TP.HCM Về xây dựng Đảng : tiếp tục chỉ đạo mạnh,"IX cùa Đàng bà TP.HCM về xây dựng Đàng: tiếp tục chỉ đạo mạnh,",0.0967741935483871,"IX của Đảng bộ TP.HCM về xây dựng Đảng : tiếp tục chỉ đạo mạnh,",0.0161290322580645,0.08064516129032259,83.33333333333334
251,3.jpg,"mẽ, có hiệu quả cuộc vận động xây dựng chỉnh đốn Đảng theo tinh","mèi, cô hiụu quả cuôc vân tông xây dựng chính tâm Đảng đệo tinh.",0.3333333333333333,"mê, có hiệu quả cuộc vận động xây dựng chính đối với Đảng theo tinh",0.1111111111111111,0.2222222222222222,66.66666666666666
251,4.jpg,"thần nghị quyết trung ương 6 (lần 2). Theo đó, tiếp tục thực hiện việc","đường nghị quyết trung ương 6 (liên đề). Theo đó, tiếp tục được hiện việc",0.1571428571428571,"thẩm nghị quyết trung ương 6 (lần số). Theo đó, tiếp tục được hiện việc",0.1,0.057142857142857106,36.363636363636346
251,5.jpg,kê khai nhà đất và cơ sở sản xuất kinh doanh của cán bộ - công chức;,Lê khai mời đặt và có sẵn quát hình doanh của cán bộ - cảng chủ.,0.2647058823529412,lệ khai nhà đất và cơ sở xin vượt hinh doanh của cán bộ - công chức.,0.1323529411764706,0.1323529411764706,50.0
251,6.jpg,"tăng cường thanh kiểm tra những nơi có dấu hiệu vi phạm, đặc biệt","tăng cường thành hiện trạng những nơi có điều hiện vi phạm, đặc biệt",0.1692307692307692,"tăng cường thành kiểm tra những nơi có dấu hiệu vi phạm, đặc biệt",0.0153846153846153,0.1538461538461539,90.90909090909096
251,7.jpg,trong lĩnh vực đất đai và các công trình trọng điểm.,trong linh viết đặt đại văn cai cộng trình trong điềm.,0.25,trong kinh việc đất đai và các công trình trọng điểm.,0.0769230769230769,0.1730769230769231,69.23076923076924
251,8.jpg,Xử lý nghiêm minh theo pháp luật và kỷ luật của Đảng những người,Xǐ lǐyíngmíng mínhòu zhào pìap liúxù wǎ hǐ liúxù cuìa Dāng míng míng nián,0.625,Xứ lợi nghèm mình theo pháp luật và kỷ luật của Đảng những người,0.09375,0.53125,85.0
251,9.jpg,có hành vi sai trái và những người bao che. Thực hiện tốt các quy định,"cù hánh vì sai trái và những người bao che. Thích hiện tốt cả quy định,",0.1142857142857142,"có hành vi sai trái và những người bao che. Thực hiện tốt các quy định,",0.0142857142857142,0.1,87.50000000000007
251,10.jpg,"đối với cán bộ lãnh đạo, quản lý để xảy ra tham nhũng, tiêu cực ở cơ","tôi vẫn còn bỏ lành dao, quản lý để xảy ra ham nhưng tiêu cực 3 cơ",0.1911764705882352,"đối với văn bản bộ lãnh đạo, quản lý đã xảy ra tham nhũng, tiêu cực ở cả",0.1176470588235294,0.0735294117647058,38.46153846153844
251,11.jpg,"quan, đơn vị. Kiện toàn và tăng cường sức chiến đấu của tổ chức","mean, đơn vị. Kiên trần và tảng xuống sức chịu đau của tổ chức",0.2063492063492063,"quan, đơn vị. Kiện toàn và tăng cường sức chiến đấu của tổ chức",0.0,0.2063492063492063,100.0
251,12.jpg,cơ sở Đảng. Tiếp tục đổi mới và nâng cao công tác cán bộ. Tiếp tục,c8 33 Đảng. Trúp túc đổi mới vai măng cao công tác cán bộ. Trúp túc,0.1969696969696969,cơ sở Đảng. Tiếp tục đổi mới và nâng cao công tác cảnh báo. Tiếp tục,0.0606060606060606,0.1363636363636363,69.23076923076921
251,13.jpg,đổi mới phương thức lãnh đạo của cấp ủy Đảng theo phương châm,tôi mới phường thức lành tạo của cặp úy đáng phường chân.,0.2622950819672131,tôi mới phương thức lãnh đạo của cấp ủy Đảng theo phương châm,0.0327868852459016,0.22950819672131148,87.50000000000001
251,14.jpg,hướng mạnh về cơ sở.,hùng manh về cả 3.,0.3,hướng mạnh về cổ sở.,0.05,0.25,83.33333333333334
251,15.jpg,"Về cải cách hành chính : Tập trung chấn chỉnh mạnh hơn nữa kỷ cương,",Về dài cách hành chính: Tập trung chân chính mạnh hơn mùa hội cương,0.1617647058823529,Về cái cách hành chính : Tập trung chẩn chính mạnh hơn nữa từ cương,0.088235294117647,0.0735294117647059,45.454545454545475
251,16.jpg,"kỷ luật trong bộ máy hành chính, nâng cao tinh thần trách nhiệm và","hú luật trọng bả: mày hành chính, nâng cao trình thân tách nhiệm và",0.1515151515151515,"kỷ luật trọng bộ máy hành chính, nâng cao trình thẩm thấu nhiệm và",0.1363636363636363,0.015151515151515194,10.00000000000003
251,17.jpg,"ý thức kỷ luật của CB - CC, nhất là trên lĩnh vực nhà đất, đầu tư,","j' dière hip luat cuo CC, mhat la tren linh vie mha dat, daute.",0.5151515151515151,"ý thức kỷ luật của CĐ - CC, nhất là trên lĩnh vực nhà đất, đầu tư,",0.0151515151515151,0.5,97.05882352941177
251,18.jpg,"kinh doanh, trật tự xây dựng và giải quyết khiếu nại, tố cáo.","mình doanh, trật tự cây dừng và giàu quyết nhiều mẹ, từ câu:",0.2459016393442623,"tinh doanh, trật tự cây dừng và giải quyết khiếu nại, đó là cái",0.1639344262295081,0.08196721311475419,33.33333333333337
251,19.jpg,Xây dựng hoàn thiện hệ thống các qui trình thủ tục hành chính.,Kaiy dùng hoàn thiện hệ thống các quy trình thủ tục hành chính.,0.0806451612903225,Xây dựng hoàn thiện hệ thống các quy trình thủ tục hành chính.,0.0161290322580645,0.064516129032258,80.0
251,20.jpg,"Kiên quyết chấn chỉnh bộ máy hành chính các cấp, nhanh chóng","Kuei quyết chán chính bả may hành chính cai cáp, mành chóng",0.2166666666666666,"kiến quyết chẩn chính bộ máy hành chính của cấp, nhanh chóng",0.0833333333333333,0.1333333333333333,61.53846153846154
251,21.jpg,"khắc phục tình trạng quan liêu, cửa quyền, hách dịch.","khác phục tinh trang quan liệu, cùa quyên, khách đến.",0.2075471698113207,"khác phục tinh tráng quan liêu, cửa quyền, khách tiếp thị.",0.2075471698113207,0.0,0.0
251,22.jpg,Xây dựng và phát triển đội ngũ CB - CC có chất lượng chuyên môn,Xây dựng và phát triển tài nguyên CB-CC có chất lượng chuyên môn.,0.1428571428571428,Xây dựng và phát triển đền ngọt CB - CC có chất lượng chuyên môn,0.0634920634920634,0.07936507936507939,55.55555555555559
251,23.jpg,"cao, có phẩm chất, đạo đức. Kiểm tra, xử lý kiên quyết các vụ","eaò, èò phàimh chàit, tàao dhìic. Kièim tra, xìù lèj chèin quyèt càùùùùùùùùùùùùùùùùùùùù",0.7868852459016393,"cao, có phần chặt, đào được. Kiểm tra, xử lý hiện quyết các vụ",0.1311475409836065,0.6557377049180328,83.33333333333334
251,24.jpg,"tham nhũng, lãng phí, làm thất thoát tài sản nhà nước... Về kinh","tham nhung, làng phí, làm thật thoát tài sản nhà nước... Viêm nh",0.109375,"tham nhũng, lặng phí, làm thất thoát tại sân nhà nước... Về kinh",0.046875,0.0625,57.14285714285714
251,25.jpg,"tế : Tập trung mọi nỗ lực nhằm tháo gỡ sản xuất kinh doanh,","tiế: Tập trung mới nổi tiếc nhằm thay giá sản xuất như dành,",0.288135593220339,"tế : Tập trung mọi nỗ lực nhằm tháo gỡ sản xuất kinh doanh,",0.0,0.288135593220339,100.0
251,26.jpg,đưa tốc độ tăng trưởng GDP trên địa bàn TP đạt 12% năm,đưa tôi đã tăng trưởng OP trên địa bàn TP đạt 14% năm,0.1111111111111111,dựa trên tài nguyên - vật liệu (TP) đạt 16% năm,0.5925925925925926,-0.48148148148148145,-433.3333333333333
251,27.jpg,"2004 và trên 12% năm 2005. Phát triển nhanh các ngành dịch vụ,",2004 năm triển lãi và năm 2005. Đặt triển nhạnh các ngành dịch vụ.,0.2580645161290322,2004 và trên 125 năm 2005. Thật trên nhanh các ngành dịch vụ,0.0967741935483871,0.1612903225806451,62.499999999999986
251,28.jpg,tái cấu trúc các ngành công nghiệp.,tài cầu tiêu cài ngành công nghiệp.,0.2,tài cầu trực cải ngành công nghiệp.,0.1428571428571428,0.05714285714285722,28.57142857142861
251,29.jpg,Tiếp tục nhân rộng các mô hình huy động vốn đầu tư. Tập trung khai,tiếp tục nhận rằng cái mù hình huy dáng vẫn dâu trở. Tập trung khá,0.1969696969696969,tiếp tục nhận rộng các mỏ hình huy động vốn đầu tư. Tập trung khai,0.0303030303030303,0.1666666666666666,84.61538461538461
251,30.jpg,thác các nguồn vốn cho ngân sách. Tổng kết quá trình cổ phần hóa,đời cuối người với cho ngàn sách. Từng hết quả trình có phản hại.,0.328125,thuê các nguồn vốn cho ngân sách. Tổng kết quả trình cổ phần hóa,0.046875,0.28125,85.71428571428571
251,31.jpg,doanh nghiệp nhà nước và việc tổ chức sắp xếp lại doanh nghiệp nhà,doanh nghiệp nhận nhiều và việc tổ chức sắp xếp lại doanh nghiệp nhà,0.0909090909090909,doanh nghiệp nhà nước và việc tổ chức sắp xếp lại doanh nghiệp nhà,0.0,0.0909090909090909,100.0
251,32.jpg,nước. Triển khai quyết định của TP về một số chính sách ưu đãi,mùát. Trùńń khaí gựyết đeńń của TP vè một só châńh sách của tàn.,0.6451612903225806,nước. Triển khai quyết định của TP về một số chính sách ưu đãi,0.0,0.6451612903225806,100.0
251,33.jpg,đối với các dự án có vốn đầu tư nước ngoài. Rà soát lại chương,tôi vui cái lời ăn cơ vốn thân thiện người. Khi soát lại chúng,0.4193548387096774,đối với các dự án cơ sở đầu tư nước ngoài. Hai sách lãnh chương,0.2096774193548387,0.2096774193548387,50.0
251,34.jpg,trình hội nhập kinh tế của TP. Về văn hóa - xã hội : đẩy mạnh,tạnh hơi nhạp hình tứ của TP. Về văn hoá - xã hội: đây mạnh,0.180327868852459,tành hội nhập chính tắc của TP. Về văn hoá - xã hội : đẩy mạnh,0.1475409836065573,0.032786885245901704,18.18181818181822
251,35.jpg,"xã hội hóa, phát triển xã hội học tập, ưu tiên đầu tư ngân","cái hồn thoát, phát triển xã hội học tập, ưu tiên đấu tranh ngàn",0.2586206896551724,"cả hội hoặc, phát triển xã hội học tập, vui tiếng lầu từ ngàn",0.2068965517241379,0.051724137931034475,20.0
251,36.jpg,sách cho giáo dục - đào tạo.,Lạch cho giàu dục - đào tạo.,0.1428571428571428,cách cho giáo dục - đào tạo.,0.0357142857142857,0.1071428571428571,75.0
251,37.jpg,Nâng cao năng lực quản lý nhà nước trên các lĩnh vực kinh doanh,Nàng cao nàng lúc quàn lý nhà nước trên cái linh vực hình danh.,0.1587301587301587,Nàng cao nặng lúc quân lý nhà nước trên các lĩnh vực kinh doanh,0.0634920634920634,0.09523809523809529,60.00000000000004
251,38.jpg,"dịch vụ văn hóa; khắc phục những sơ hở, tiêu cực trong quản lý","dich nu sẵn hoài; thưái phục những sẵn thơ, tiên cúc trong quản lý.",0.3387096774193548,"dịch vụ văn hoá : khắc phục những sở hộ, tiêu cực trong quản lý,",0.1129032258064516,0.22580645161290322,66.66666666666667
251,39.jpg,và hoạt động văn hóa. Tiếp tục tập trung nguồn lực cho chương,và hoạt động văn hoá. Trải túc túc tập trung người lúc cho chúng,0.2459016393442623,và hoạt động văn hoá. Tiếp tục tập trung nguồn lực cho chương,0.0327868852459016,0.2131147540983607,86.66666666666669
251,40.jpg,trình 3 giảm...,tinh 3 gian...,0.2666666666666666,tỉnh 3 giảm...,0.1333333333333333,0.1333333333333333,50.0
252,1.jpg,Chương trình hành động thực hiện Nghị quyết trung ương 9 - khóa IX của Đảng bộ,Chuong trinh hinh đăng thực hiện Nghi quyết trung ương g - thai 1x câu đăng b,0.1923076923076923,"Chương trình hành động thực hiện Nghị quyết Trung ương 9 - khai 1x của Đảng 15,",0.0769230769230769,0.11538461538461539,60.00000000000001
252,2.jpg,"TP.HCM Về xây dựng Đảng : tiếp tục chỉ đạo mạnh mẽ, có hiệu quả cuộc vận động xây","m. con vé xây dựng bảng: tiếp tục chủ đạo mạnh mẽ, có hiệu quả các văn dángy",0.2098765432098765,"TP.HCM về xây dựng Đảng : tiếp tục chỉ đạo mạnh mẽ, có hiệu quả cuộc vận động",0.0493827160493827,0.16049382716049382,76.47058823529413
252,3.jpg,"dựng chỉnh đốn Đảng theo tinh thần nghị quyết trung ương 6 (lần 2). Theo đó, tiếp tục","Any child, the one who thinks that night, quivers, trying, using 6 (1 an 2). The other, the one",0.5764705882352941,"dựng chính đơn Đảng theo tinh thần nghị quyết trung ương (lần 2). Theo đó, tập trung",0.1176470588235294,0.4588235294117647,79.59183673469387
252,4.jpg,thực hiện việc kê khai nhà đất và cơ sở sản xuất kinh doanh của cán bộ - công,trực thần việc thai nhà đặt ra có số sản xuất lạnh danh của con bò-gi,0.3116883116883117,thực hiện việc kê khai nhà đất và cơ sở sản xuất lãnh danh của cán bộ - công,0.0389610389610389,0.27272727272727276,87.50000000000001
252,5.jpg,"chức; tăng cường thanh kiểm tra những nơi có dấu hiệu vi phạm, đặc biệt","write; telling candy thank him that nothing nor cold drink will pharm, the bark",0.5915492957746479,"chức, tổng công thành kiểm tra những nơi có dấu hiệu vi phạm, đặc biệt",0.0704225352112676,0.5211267605633803,88.09523809523809
252,6.jpg,trong lĩnh vực đất đai và các công trình trọng điểm.,timy linh viết đặt tài và các công trình trong đêm.,0.2692307692307692,định lĩnh vực đã đại và các công trình trong điểm.,0.1538461538461538,0.11538461538461542,42.85714285714287
252,7.jpg,Xử lý nghiêm minh theo pháp luật và kỷ luật của Đảng những người có hành,Xixi lǚy rúqiúmen mìns tíhe pháp huàn và ký huàn cuàn Dāng nǚu guó chán,0.5416666666666666,Xứ lý nghiệm mình theo pháp luật và kỷ luật của Đảng những người có hành,0.0416666666666666,0.5,92.3076923076923
252,8.jpg,vi sai trái và những người bao che. Thực hiện tốt các quy định đối với cán bộ lãnh,vì sai trai và nhúng người bao che. Thực hiện tốt các quy định đối với cán bộ liên,0.073170731707317,vị sai trái và những người bao che. Thực hiện tốt các quy định đối với cán bộ lãnh,0.0121951219512195,0.0609756097560975,83.33333333333333
252,9.jpg,"đạo, quản lý để xảy ra tham nhũng, tiêu cực ở cơ quan, đơn vị. Kiện toàn và","Eao, quan lý dê' xay ra ham nhung, tiêu ưc ò sô quan, đòn òi. Kiên toan ưa",0.28,"Đạo, quản lý để xảy ra tham nhũng, tiêu cực ở cơ quan, đơn vị. Kiểm toán và",0.04,0.24000000000000002,85.71428571428571
252,10.jpg,tăng cường sức chiến đấu của tổ chức cơ sở Đảng. Tiếp tục đổi mới và nâng,tăng cường sức chiến đấu và tôi có sở đăng. Tại tục đó mà văn ngữ,0.3013698630136986,tăng cường sức chiến đấu của tôi chúc có sở đăng. Tiếp tục đổi mới và nâng,0.0684931506849315,0.2328767123287671,77.27272727272727
252,11.jpg,cao công tác cán bộ. Tiếp tục đổi mới phương thức lãnh đạo của cấp ủy,"cao công tác chủ bộ. Triệt tiêu đời mới, phường thích lòng tạo cuộn cáp ủy",0.2898550724637681,cao công tác cáo bộ. Tiếp tục đổi mới phương thức làm đạo của cấp ủy,0.0579710144927536,0.23188405797101452,80.0
252,12.jpg,Đảng theo phương châm hướng mạnh về cơ sở.,Đang theo phương châm hướng mang về có số.,0.119047619047619,Đang theo phương châm hướng mạng về cơ sở.,0.0476190476190476,0.0714285714285714,60.0
252,13.jpg,"Về cải cách hành chính : Tập trung chấn chỉnh mạnh hơn nữa kỷ cương, kỷ luật trong","Viê cau cánh chính: Tập trung chân chính mạch hơn nữa tay cung, by hướng",0.3414634146341463,"Về cái cách hành chính : Tập trung chẩn chứng mạnh hơn nữa kỹ cương, kỷ luật trong",0.0609756097560975,0.2804878048780488,82.14285714285717
252,14.jpg,"bộ máy hành chính, nâng cao tinh thần trách nhiệm và ý thức kỷ luật của CB - CC,","be may haan shin, nang cao tins than trach phim na y thuc hy dung ua cac",0.3875,"bộ mấy hành chính, nặng cao tìm thẩm trước nhiệm vụ ý thức ký hiệu của CBQC",0.2625,0.125,32.25806451612903
252,15.jpg,"nhất là trên lĩnh vực nhà đất, đầu tư, kinh doanh, trật tự xây dựng và","nhau lai trên linh việc nhà đại, đâu thì, ems doanh, trái tại xây dựng oa",0.3142857142857143,"nhặt lên trên lưới vực nhà đất, đầu tư, kinh doanh, trả tự xây dựng và",0.1142857142857142,0.20000000000000007,63.636363636363654
252,16.jpg,"giải quyết khiếu nại, tố cáo. Xây dựng hoàn thiện hệ thống các qui trình","gài quyết thiên núi, tỏ cào. Xây dựng hoàn thiện hệ thay cả quy trìng",0.2083333333333333,"giải quyết khiếu nại, tố cáo. Xây dựng hoàn thiện hệ thống các quy trình",0.0138888888888888,0.19444444444444448,93.33333333333337
252,17.jpg,"thủ tục hành chính. Kiên quyết chấn chỉnh bộ máy hành chính các cấp,",Thủ túc hành chính. Kiên quyết thành chính bà mày hành chính cát cáp,0.1470588235294117,thú tục hành chính. Kiên quyết chấn chỉnh bộ máy hành chính các cấp,0.0294117647058823,0.11764705882352938,80.00000000000003
252,18.jpg,"nhanh chóng khắc phục tình trạng quan liêu, cửa quyền, hách dịch.","nhans chóng thúc phục tình trạng quan liêu, của quyển, hạch dịch.",0.0923076923076923,"nhân chồng thác phục tình trạng quan liêu của quyền, khách dành.",0.1538461538461538,-0.0615384615384615,-66.66666666666663
252,19.jpg,"Xây dựng và phát triển đội ngũ CB - CC có chất lượng chuyên môn cao, có phẩm","Xây dựng văn phẩm triển dời ngữ CB-cc có chút hướng chuyên môn cao, có phản",0.1842105263157894,"Xây dựng và phát triển đối ngữ CB - CĐ có chất lượng chuyên môn cao, có phần",0.0657894736842105,0.11842105263157891,64.28571428571429
252,20.jpg,"chất, đạo đức. Kiểm tra, xử lý kiên quyết các vụ tham nhũng, lãng phí,","chài, đạo đức. kiếm trai, xứ lý kiên quyết các cụ đã tham nhũng, lòng phí.",0.1571428571428571,"chất, đạo đức. Kiểm tra, xử lý kiến quyết các cơ quan những, lặng phí,",0.1142857142857142,0.04285714285714291,27.272727272727316
252,21.jpg,làm thất thoát tài sản nhà nước... Về kinh tế : Tập trung mọi nỗ lực,lam thai' thoat tau san nha nho ... Ve bung te': tap tung moi no lie,0.3529411764705882,làm thái thoát tại sân nhà nước... Về kinh tế : tập trung môi nguy hiểm,0.1764705882352941,0.1764705882352941,50.0
252,22.jpg,"nhằm tháo gỡ sản xuất kinh doanh, đưa tốc độ tăng trưởng GDP trên địa","nhâm thảo gỗ sản xuất linh doanh, đầu tạo tổ tăng trưởng GDP trên địa",0.144927536231884,"nhằm tháo gỡ sản xuất lẫn doanh, đưa tốc độ tăng trưởng GDP trở lại",0.1159420289855072,0.0289855072463768,20.0
252,23.jpg,bàn TP đạt 12% năm 2004 và trên 12% năm 2005. Phát triển nhanh,ban 7p đạt 12% năm 2004 và trên 12% năm 2005. Phải tiến hành,0.1290322580645161,bán 7P đạt 12% năm 2004 và trên 12% năm 2005. Phải tiến hành,0.1290322580645161,0.0,0.0
252,24.jpg,"các ngành dịch vụ, tái cấu trúc các ngành công nghiệp.","các ngành dịch vụ, tài cảu thuê các ngành công nghiệp.",0.0925925925925925,"các ngân dịch vụ, tài cầu trực cổng ngân công nghiệp.",0.1851851851851851,-0.09259259259259259,-100.00000000000009
252,25.jpg,Tiếp tục nhân rộng các mô hình huy động vốn đầu tư. Tập trung khai thác,Tíép' tuc mhan rong càc mò hìnt. huy dáng vòn dàut tù. Táp trung thai thác,0.2816901408450704,Tiếp tục nhận rộng các mô hình. Huy đóng vốn đầu tư. Tập trung khai thác,0.0422535211267605,0.23943661971830987,85.00000000000001
252,26.jpg,các nguồn vốn cho ngân sách. Tổng kết quá trình cổ phần hóa doanh,các người vốn cho người sách. Từng kết quả trưng bố phát hoá đoàn,0.2923076923076923,các nguồn vốn cho ngân sách. Tổng kết quá trình cổ phần hóa doanh,0.0,0.2923076923076923,100.0
252,27.jpg,nghiệp nhà nước và việc tổ chức sắp xếp lại doanh nghiệp nhà nước.,"nghịp nhớ nước và việc tỏ chút, sắp xếp lời doanh nghiệp nhớ nước.",0.1363636363636363,"nghiệp nhà nước và việc tổ chức, sắp xếp lại doanh nghiệp nhà nước.",0.0151515151515151,0.1212121212121212,88.88888888888893
252,28.jpg,Triển khai quyết định của TP về một số chính sách ưu đãi đối với,Trình khai quyết định của TP về mở sổ chính sách dự án đối với.,0.1875,Triển khai quyết định của TP về môi đô chính sách du lịch đã đối với,0.171875,0.015625,8.333333333333332
252,29.jpg,các dự án có vốn đầu tư nước ngoài. Rà soát lại chương,các dự án có vốn thu hút người. Rất sách lời các chúng,0.4259259259259259,các dự án có vốn đầu tư nước ngoài. Rà soát lại các chương,0.074074074074074,0.35185185185185186,82.60869565217392
252,30.jpg,trình hội nhập kinh tế của TP. Về văn hóa - xã hội : đẩy mạnh xã,trins hòi nhập kín sĩ tế cuả TP. Về văn hoá - xã hội; đây mấy xã,0.265625,"trình hồi nhập kinh tế của TP. Về văn hoá - xã hội, đầy mấy xã",0.140625,0.125,47.05882352941176
252,31.jpg,"hội hóa, phát triển xã hội học tập, ưu tiên đầu tư ngân sách","hỏi hòa, phải trình xác hội học tập, lưu điện đau tật ngàn sách",0.2666666666666666,"hồi hóa, phải triển xã hội học tập, tư tưởng đầu tư ngân sách",0.1333333333333333,0.1333333333333333,50.0
252,32.jpg,cho giáo dục - đào tạo.,cho giào duc - đào tạo.,0.0869565217391304,cho giao duc - đào tạo.,0.0869565217391304,0.0,0.0
252,33.jpg,Nâng cao năng lực quản lý nhà nước trên các lĩnh vực kinh doanh dịch vụ,Nang cao nang luè quán lý nhà nước trên các thời ước bình dân đánh dấu u,0.323943661971831,Nâng cao năng lực quản lý nhà nước trên các hình sự của bình đảm dịch vụ,0.1830985915492957,0.1408450704225353,43.47826086956525
252,34.jpg,"văn hóa; khắc phục những sơ hở, tiêu cực trong quản lý và hoạt động","van hoi; khác phục những sẵn hồ, trên các trong quản lý và hoạt động",0.1492537313432835,"văn hóa; khắc phục những sở hộ, đều cực trọng quản lý và hoạt động",0.0895522388059701,0.05970149253731341,40.0
252,35.jpg,văn hóa. Tiếp tục tập trung nguồn lực cho chương trình 3 giảm...,van hoat. Tiếp tục tập trung người học cho những trải 3 giảm ...,0.234375,văn hoá. Tiếp tục tập trung nguồn lực cho chương trình 3 giảm...,0.03125,0.203125,86.66666666666667
253,1.jpg,"Viết tiếp về vụ anh Trương Xuân Đại. Ngay từ khi tờ báo có bài "" Số phận của","Vui tôi tiếp vẫn muốn tham gia Xuân Đại. Ngày tôi thôi tự bảo ""cô phẩm của""",0.4868421052631579,"Viết tiếp về xuân, xuân 2, Đại Nghệ và khối, tòa báo "" Có phần của",0.4342105263157895,0.05263157894736842,10.81081081081081
253,2.jpg,"những người nói lên sự thật "" phát hành, nhiều bạn đọc đã bày tỏ sự chia sẻ,","making no doubt lei is that that's what's in, there's been a lot of big to us this set.",0.7236842105263158,"những người mới lên sự thật "" phát hành, nhân lâm đọc đã bây giờ thu nhà sẽ,",0.25,0.4736842105263158,65.45454545454545
253,3.jpg,ủng hộ anh Trương Xuân Đại. Một bạn đọc 67 tuổi ở Q.11 đến gửi tặng anh Trương,ng họ anh Trường Xuân Đại. Mặt bàn đác 6 tầng là 8 Q. Miền gửi tặng anh Trường,0.2564102564102564,"ứng hộ anh Trương Xuân Đại. Mặt bàn đạc 67 tuổi ở Q.1, trên "" gửi "" tông anh Trương",0.1666666666666666,0.08974358974358979,35.00000000000002
253,4.jpg,"Xuân Đại 150.000 đồng, một cô gái tên Nhung ở Tân Bình gửi tặng 100.000 đ,","yīcuān Dùn 150.000 zhāng, mǎi cǎo gēn lǐn Nìngyù? Tūn Bǐnzhū gōng fēng 100.000,",0.4594594594594595,"Xuân Đại 150.000 đồng, mất 6 giờ tên Nhưng ở Tân Bình gửi tặng 100.000,",0.1081081081081081,0.35135135135135137,76.47058823529412
253,5.jpg,một thanh niên tên Hà đến gửi 200.000 đ. Sau đó nữa là rất,mẹ thành mẹ nữ Hai đến quý 200.000. Sand và mẹ là mẹ!,0.4655172413793103,"một thanh niên Tại Điện Biên Quý 200.000. Sau đó mua là Nội,",0.3448275862068966,0.1206896551724137,25.92592592592591
253,6.jpg,"nhiều bạn đọc gọi đến bày tỏ sự chia sẻ, ủng hộ.","whānui hān dat cā tei 'n bāy kā nē chān sē, cāng hē.",0.5416666666666666,"nhiều hơn đặc phẩm bảy bộ nơi chôn lều, cũng hơi",0.5208333333333334,0.02083333333333326,3.8461538461538325
253,7.jpg,Ban biên tập báo Tuổi Trẻ cũng quyết định gửi tặng nhóm công nhân,Bạn liên hệ bao 'tâm' từ cùng quyên 'Tình qua tây nhóm' cùng nhóm,0.4307692307692308,"Ban liên lạc báo "" tuần "" từ cùng quyết định giá tổng nhân công nhân",0.2769230769230769,0.1538461538461539,35.71428571428573
253,8.jpg,đã tố cáo tiêu cực ở đường liên cảng A5 10 triệu đồng. Đừng để người dân,"để tôi có thân cuộc ở đây, bạn cộng A5 10 năm đây. Đây, để người bạn",0.4305555555555556,"để tổ chức cuộc ở đây lặn cổng A5 10 tuần đông. Đây, đề nghị dân",0.4166666666666667,0.013888888888888895,3.2258064516129044
253,9.jpg,"đặt cược cho niềm tin! Qua báo chí, bản thân tôi đã được biết về việc tố cáo những","đặc cuộc cho mình tình! Emua bạn chị, bạn thân bạn đến đây lên vui lòng tôi cho những",0.4390243902439024,"đặc cuộc cho niềm tin! Qua bốn chị, bạn thân tôi đã kiệt về với tôi 20 triệu đồng,",0.3658536585365853,0.07317073170731708,16.66666666666667
253,10.jpg,"sai phạm của công rình đường liên cảng A5 mấy năm trước đây, nhưng nay","dai pham cuoi cong minh chuyen bien cong A5 mong minh duoi cty, nhung ngu",0.4857142857142857,"dài phạm của công trình đường liên cảng A5 mạng liên tục cty, nhưng này",0.2285714285714285,0.25714285714285723,52.94117647058826
253,11.jpg,mới biết việc làm dũng cảm và tốt đẹp đó đã mang đến bao hệ lụy phiền phức,may luckier since I'm doing something I've always dreamed of.,0.7837837837837838,"mái biệt "" việc bán chúng còn và bất đẹp đã mang đến bao bì lòng phận phúc",0.3378378378378378,0.445945945945946,56.896551724137936
253,12.jpg,"cho những người trong cuộc, những người mà theo tôi vô cùng xứng đáng với danh","do ngnin hong mai minh ngnin mai ""theo voi cung xung hay va danh",0.5128205128205128,"cho người sống mà, những người mà "" chơi với cũng xứng đáng và đánh",0.3461538461538461,0.16666666666666669,32.50000000000001
253,13.jpg,hiệu hiệp sĩ.,him angry,0.7692307692307693,hẹn huyện Đà Lạt.,0.9230769230769232,-0.15384615384615397,-20.000000000000014
253,14.jpg,"Thế nhưng những hiệp sĩ ấy giờ ra sao? Người thì lang thang, phiêu bạt, kẻ thì","the shining shining shines in my eyes, you make me so. Nymer the boy thing I prefer her, he's she.",0.7692307692307693,"Thế nhưng những hiệp ích nổi ngộ của Anh? Ngoài thế bây thường, phần bạt, hè nhị",0.3846153846153846,0.3846153846153847,50.000000000000014
253,15.jpg,"vợ bỏ, kẻ thì cày ải trên những con đường đô thị để lượm ve chai, phải tá túc trong","""ao hò?"", hè thị hãy ăn quan trọng, do như tất cả hôm vợ cháu, phải ăn tất cả ngày.",0.6024096385542169,"vô hộ, kể thịt cây ái trên con chim, đó thì đã xuân ve chai, phải ra tù công",0.3975903614457831,0.20481927710843384,34.000000000000014
253,16.jpg,những căn chòi tạm bợ sống qua ngày. Ngẫm sao mà thương thế! Đáng lẽ phải được,"making some food for my grandma. I put some milk in the fridge, then I put the food in the fridge.",0.9615384615384616,"những con thật bom bố rằng gia rộng. Ngồi vào món trứng, chơi đón lễ phồn chua.",0.4871794871794871,0.47435897435897445,49.33333333333334
253,17.jpg,tôn vinh thì trái lại những con người ấy đã bị đẩy xuống đáy cùng của cuộc,"In such a tense, I'm always on guard against a blow.",0.7837837837837838,"tôi sinh thẻ trên bàn những con người cây đá bị dây xuống dày cũng còn cán,",0.2837837837837837,0.5,63.793103448275865
253,18.jpg,"sống! Cũng may mà anh Đại đã thắng kiện, đó chắc là một niềm an ủi và","doing! can't may man's mouth on that thing, it's that's a man's can't on",0.6811594202898551,"công! cũng may mà anh Đan đã không biết, đó chắc là niệm của cư vấn",0.3043478260869565,0.3768115942028986,55.319148936170215
253,19.jpg,"là một khẳng định để anh và các đồng nghiệp, người thân tin rằng các","la' mhahin? dhinh dè? mha ma' ac' dòngi ngàp, ngàp mhàn tùn tòng ac'",0.5882352941176471,"là những định đã mạnh mẽ các động nghiệp, người chôn tín công sự,",0.2941176470588235,0.2941176470588236,50.000000000000014
253,20.jpg,anh không đơn độc trong việc theo đuổi niềm tin về lẽ phải của mình.,amnh nhịn đàn. Tất huy việc thầy nhiều giảm tín ức là phải mở mình.,0.4411764705882353,anh khẳng đơn Đại Luật Việt và nhiều giám định tìm cụ thể phải mà mình.,0.5,-0.05882352941176472,-13.333333333333336
253,21.jpg,"Lại nữa, khi thanh tra đã xác định sai phạm sao không xử lý mà để "" ngâm ""","Lau mua, như thành tác dẫn xác định sự phạm mỹ không xử lý mà cũng",0.3513513513513513,"Lại mưa, khi thành tạo đất xác định sự phồm sở hữu, xử lý mở cửa ngầm",0.3243243243243243,0.02702702702702703,7.692307692307694
253,22.jpg,lâu ngày đến vậy? Tôi không phải là người trong lĩnh vực chuyên môn nhưng,bin yng yng din yng ? ran bhmng yng bha mngn mng linh nuc chmng mng mng,0.6027397260273972,lên ngày cận vậy? Về khối vĩnh phủ là nguyên tắc kinh tế trực chuyển mâm những,0.4657534246575342,0.136986301369863,22.727272727272727
253,23.jpg,có thể hình dung công trình đường liên cảng A5 chắc là nhằm phục vụ hoạt động của,"so, ""lui"" nhưng ông vui hơn đến khi A S chúc mình phục vụ hoài động.",0.5308641975308642,"có "" chủ hình chung công trình điện liên cảng A5 chứa nhân phẩm, vụ hoại động cản,",0.2839506172839506,0.24691358024691362,46.51162790697675
253,24.jpg,các nhà đầu tư trong Khu chế xuất Tân Thuận. Vậy thì khi không khắc phục ngay,"салчын дүнүн кур болгон дүн сүнүн ""Тонн Чынын"" үнүн чынын дүнүн ""Тонн Чынын"" үнүн чынум дүнүн ""Тонн Чынын"" үнүн чындын дүнүн ""Тонн Чынын"" үнүн дүнүн ""Тонн Чынын"" үнүн ""Тонн Чынын"" үнүн ""Тоннын"" үнүн ""Тоннын"" үнүн ""Тонын"" үнүн ""Тонын"" үнүн ""Тоннын"" үнүн ""Тонын"" үнүн ""Тоннын"" үнүн ""Тоның"" үнүн ""Тоннын"" үнүн ""Тоңнын"" үнүн ""Тоңнын"" үнүн ""тоңнын"" үнүн ""Тоңнын"" үнүн үнүн ""Тоңнын"" үнүн үнүн үнүн ""Тоңнын"" үнүн ""Тоңын"" үнүн ""Тоңын"" үнүн үнүн үнүн үнүн үнүн үнүрүн үнүн үнүн үнүн үнүн үүнүн үнүн үнүн үнүн үнүн ""Тоңнын""үнүн үнүн үнүн үнүн үнүр үнүн үнүн үнүн үнүн үнүүн үнүн үнүн үнүн үнүн үңүн үнүн үнүн үнүн үнүн үчүн үнүн үнүн үнүн үнүн үрүн үнүн үнүн үнүн үнүн ""тоңнын""үнүн үнүн үнүн үнүрүн үн үнүн үнүн үнүн үнүн үн үнүн үнүн үнүн үнүрүнүн үнүн үнүн үнүн үнүүрүнүн үнүн үнүн үнүн үүнүрүнүн үнүн үнүн үнүнүн үнүн үнүн үнүн үнүңүнүн үнүн үнүн үнүн үнүкүнүн үнүн үнүн үнүн үнүсүнүн үнүн үнүн үнүн үнүтүн үнүн үнүн үнүн үнүн үтүн үнүн үнүн үнүн үнүнүн үн үнүн үнүн үнүн үн үнүнүн үнүн үнүн үнүнүн үүнүн үнүн үнүн үнүрүнүнүн үнүн үнүн үнүн үн үн үнүн үнүн үнүн үнүнүнүн үнүн үнүн үнүн үүн үнүн үнүн үнүн үнүн үөнүн үнүн үнүн үнүн үнүнүрүнүн үнүн үнүн үнүрүнүрүнүн үнүн үнүн үнүкүнүнүн үнүн үнүн үнүн үчүнүн үнүн үнүн үнүн үнүдүн үнүн үнүн үнүн үнүн үндүн үнүн үнүн үнүн үнүн үдүн үнүн үнүн үнүн үнүнүдүн үнүн үнүн үнүн үн үнүдүн үнүн үнүн үнүнүн үнүдүн үнүн үнүн үн үнүдүн үчүн үнүн үнүн үнүн үндүн үчүн үнүн үнүн үнүн үчүн үчүн үнүн үнүн үнүн үүнүнүн үнүн үнүн үүнүн үнүрүнүн үнүн үнүнүн үүнүн үүнүн үнүн үүнүн үүнүн үүнүн үүнүн үнүн үнүн үүнүн үүнүн үүрүнүн үнүн үүнүн үүнүн үөнүн үүнүн үүнүн үүнүн үөнүн үөнүн үүнүн үүнүн үөнүн ү үнүн үүнүн үүнүн үүнүнүн үүнүн үүнүн үүнүнүрүнүн үүнүн үүнүн үүнүн Үүнүн үүнүн үүнүн үүнүн өнүн үүнүн үүнүн үүнүн ү үнүн үүнүн үүнүн ү үнүн ү үнүн үүнүн үүнүн ү өнүн үүнүн үүнүн ү үнүн ү өнүн үүнүн ү үнүн ү үнүн ү үнүн ү үнүн үүнүн ү үнүн ү үнүн ү өнүн ү үнүн ү үнүн ү үнүн ү өнүн үүнүн үүнүн үүнүн ө үнүн ү үнүн ү үнүн ү үнүнүн ү үнүн ү үнүн ү үнүнүрүнүн ү үнүн ү үнүн ү үнүн Үүнүн ү үнүн ү үнүн ү үнүн өнүн ү үнүн ү үнүн ү үнүн ө үнүн ү үнүн ү үнүн ү өнүнүн ү үнүн ү үнүн ү үнүрүнүн ү үнүн ү үнүн ү үүнүн ү үнүн ү үнүн ү үнүр үнүн ү үнүн ү үнүн ү үнүн өүнүн ү үнүн ү үнүн ү үнүнөнүн ү үнүн ү үнүн өүнүн үүнүн ү үнүн өүнүн ү үнүн өүнүн ү үнүн үүнүн өүнүн ү үнүн өүнүн үүнүн өүнүн ү үнүн ө үнүн ү үнүн өүнүн ү үнүн ө үнүн үүнүн ө үнүн ү үнүн ө үнүн ү үнүн ө үнүн үүнүн өүнүн ү үнүн ү үнүн ө үнүн үүнүн ү үнүн ө үнүн ү үнүн ү ө үнүн ү үнүн ө үнүн ү үнүрүнүн ү үнүн ө үнүн ү үнүн Үүнүн ү үнүрүнүн ү үнүн ө үүнүн ү үнүн ө үнүн ү үнүрүүнүн ү үнүн ө үнүн ү үнүнүн ө үнүн ү үнүн ө үнүн ө үнүн ө үнүн ө үнүн ү үнүн ө үнүн өүнүн ө үнүн ө үнүн ө үнүн өүнүн ө үнүн ү үнүн ө үнүн Үүнүн ө үнүн ө үнүн ө үнүн ү ө үнүн ө үнүн ө үнүн ө үнүрүнүн ү үнүн ө үнүн ө үнүн өүнүн ү үнүн ө үнүн ө үнүн ү үнүн ү ө үнүрүнүн ү үнүн ө үнүн ү ө үнүн ө үнүрүнүн ү үнүн ү ө үнүн ө үнүн ө үнүрүнүнүн ү үнүн ө үнүн ө үнүн Үүнүн ө үнүрүнүнүн ү үнүн ү ө үнүн ө үнүрүнүнүн ү үн үнүн ө үнүн ө үнүн ө үнүн Үүнүрүнүнүн ү үнүн ө үнүн Үүнүн ү ө үнүн ө үнүн ө үнүн ү ө үн үнүн ө үнүн ө үнүн ө үн үнүн ө үнүн ө үнүн ө үүнүн ө үнүн ө үнүн ө үнүн Ұүнүн ө үнүн ө үнүн ө үнүн Ө үнүн ө үнүн ө үнүн ө үнүн ӧ үнүн ө үнүн ө үнүн ө үнүнөнүн ө үнүн ө үнүн ө үнүн ө ө үнүн ө үнүн ө үнүн ө үнүүн ө үнүн ө үнүн ө үнүн ө үүнүүн ө үнүн ө үнүн ө үнүн ү өүнүн ө үнүн ө үнүн ө үнүүн ү үнүн ө үнүн ө үнүн ө үүнүрүнүн ү үнүн ө үнүн ө үүнүн ө үнүрүнүн ү үнүн ө үүнүн ө үнүн ө үнүрүнүн ү үүнүн ө үнүн ө үнүн ө үнүрүүнүн ү үнүн ө үнүн ө үнүн Ө үнүрүнүнүн ү үнүн ө үнүрүүнүн ү үнүн Ө үнүн ө үнүн Ө үнүн ө үнүрүүнүн ү үнүнӨ үнүн Ө үнүн Ө үнүн Ө үнүн Өүнүн Ө үнүн Ө үнүн Ө үн үнүн Ө үнүн Ө үнүн Ө үүнүн Ө үнүн Ө үнүн Ө үүрүнүн ү үнүн Ө үнүн Ө үүнүн Өүнүн Ө үнүн Ө үн үнүн Өүнүн Ө үнүн Ө үүнүн Ө үүнүн Ө үүнүн Өүнүн Ө үүнүн Ө үүнүн ӧ үнүн Ө үнүн Ө үнүн Ө ү үнүн Ө үнүн Ө үүнүн ӧ үнүн Ө үүнүн Ө үүнүн ӧүнүн Ө үүнүн Ө үүнүн Ӧ үнүн Ө үүнүн Ө үүнүн Ӧүнүн Ө үүнүн Ө үүнүн ӫ үнүн Ө үүнүн Ө үүнүн ӫүнүн Ө үүнүн Ө үүнүн Ӫ үнүн Ө үүнүн Ө үүнүн Ӫүнүн Ө үүнүн Ө үүнүн Ӱ үнүн Ө үүнүн Ө үүнүн Ӱүнүн Ө үүнүн Ө үүнүн ө үнүн Ө үүнүн Ө үүнүн өүнүн Ө үүнүн Ө үүнүн ӱүнүн Ө үүнүн Ө үүнүн Ӭ үнүн Ө үүнүн Ө үүнүн Ӭүнүн Ө үүнүн Ө үүнүн ӭ үнүн Ө үүнүн Ө үүнүн ӭүнүн Ө үүнүн Ө үүнүн Ӯ үнүн Ө үүнүн Ө үүнүн Ӯүнүн Ө үүнүн Ө үүнүн ӯ үнүн Ө үүнүн Ө үүнүн ӯүнүн Ө үүнүн Ө үүнүн Ӥ үнүн Ө үүнүн Ө үүнүн Ӥүнүн Ө үүнүн Ө үүнүн ӣ үнүн Ө үүнүн Ө үүнүн ӣүнүн Ө үүнүн Ө үүнүн Ӣ үнүн Ө үүнүн Ө үүнүн Ӣүнүн Ө үүнүн Ө үүнүн ӡ үнүн Ө үүнүн Ө үүнүн ӡүнүн Ө үүнүн Ө үүнүн Ӹ үнүн Ө үүнүн Ө үүнүн Ӹүнүн Ө үүнүн Ө үүнүн ӹ үнүн Ө үүнүн Ө үүнүн ӹүнүн Ө үүнүн Ө үүнүн Ӻ үнүн Ө үүнүн Ө үүнүн Ӻүнүн Ө үүнүн Ө үүнүн ӻ үнүн Ө үүнүн Ө үүнүн ӻүнүн Ө үүнүн Ө үүнүн ӳ үнүн Ө үүнүн Ө үүнүн ӳүнүн Ө үүнүн Ө үүнүн ӵ үнүн Ө үүнүн Ө үүнүн ӵүнүн Ө үүнүн Ө үүнүн Ӷ үнүн Ө үүнүн Ө үүнүн Ӷүнүн Ө үүнүн Ө үүнүн ӷ үнүн Ө үүнүн Ө үүнүн ӷүнүн Ө үүнүн Ө үүнүн Ӵ үнүн Ө үүнүн Ө үүнүн Ӵүнүн Ө үүнүн Ө үүнүн Ӳ үнүн Ө үүнүн Ө үүнүн Ӳүнүн Ө үүнүн Ө үүнүн ӽ үнүн Ө үүнүн Ө үүнүн ӽүнүн Ө үүнүн Ө үүнүн Ӿ үнүн Ө үүнүн Ө үүнүн Ӿүнүн Ө үүнүн Ө үүнүн ӿ үнүн Ө үүнүн Ө үүнүн ӿүнүн Ө үүнүн Ө үүнүн Ӽ үнүн Ө үүнүн Ө үүнүн Ӽүнүн Ө үүнүн Ө үүнүн ӊ үнүн Ө үүнүн Ө үүнүн ӊүнүн Ө үүнүн Ө үүнүн Ӌ үнүн Ө үүнүн Ө үүнүн Ӌүнүн Ө үүнүн Ө үүнүн ӌ үнүн Ө үүнүн Ө үүнүн ӌүнүн Ө үүнүн Ө үүнүн Ӎ үнүн Ө үүнүн Ө үүнүн Ӎүнүн Ө үүнүн Ө үүнүн ӎ үнүн Ө үүнүн Ө үүнүн ӎүнүн Ө үүнүн Ө үүнүн ӏ үнүн Ө үүнүн Ө үүнүн ӏүнүн Ө үүнүн Ө үүнүн Ӑ үнүн Ө үүнүн Ө үүнүн Ӑүнүн Ө үүнүн Ө үүнүн ӑ үнүн Ө үүнүн Ө үүнүн ӑүнүн Ө үүнүн Ө үүнүн Ӓ үнүн Ө үүнүн Ө үүнүн Ӓүнүн Ө үүнүн Ө үүнүн Ӕ үнүн Ө үүнүн Ө үүнүн Ӕүнүн Ө үүнүн Ө үүнүн ӕ үнүн Ө үүнүн Ө үүнүн ӕүнүн Ө үүнүн ӕүнүн Өүнүн Ө үүнүн ӕүнүн Ө ө үнүн Ө үүнүн Ө үүнүн Ә үнүн Ө үүнүн Ө үүнүн ә үнүн Ө үүнүн Ө үүнүн ӛ үнүн Ө үүнүн Ө үүнүн Ӝ үнүн Ө үүнүн Ө үүнүн Ӟ үнүн Ө үүнүн Ө үүнүн ӟ үнүн Ө үүнүн Ө үүнүн Ӡ үнүн Ө үүнүн Ө үүнүн ӝ үнүн Ө үүнүн Ө үүнүн Ӛ үнүн Ө үүнүн Ө үүнүн Ӗ үнүн Ө үүнүн Ө үүнүн ӗ үнүн Ө үүнүн Ө үүнүн ӓ үнүн Ө үүнүн Ө үүнүн ӄ үнүн Ө үүнүн Ө үүнүн Ӆ үнүн Ө үүнүн Ө үүнүн ӆ үнүн Ө үүнүн Ө үүнүн ӈ үнүн Ө үүнүн Ө үүнүн Ӊ үнүн Ө үүнүн Ө үүнүн Ӄ үнүн Ө үүнүн Ө үүнүн Ӏ үнүн Ө үүнүн Ө үүнүн Ӂ үнүн Ө үүнүн Ө үүнүн ӂ үнүн Ө үүнүн Ө үүнүн Ӈ үнүн Ө үүнүн Ө үүнүн ӱ үнүн Ө үүнүн Ө үүнүн ӥ үнүн Ө үүнүн Ө үүнүн Ӊ

## 1. 1. 1. 1. 1. 1. 1. 2. 2. 2. 2. 2. 2. 3. 3. 3. 3. 3. 3. 4. 4. 4. 4. 4. 4. 5. 5. 5. 5. 5. 5. 6. 6. 6. 6. 6. 6. 7. 7. 7. 7. 7. 7. 8. 8. 8. 8. 8. 8. 9. 9. 9. 9. 9. 9. 10. 10. 10. 10. 10. 11. 11. 11. 11. 11. 12. 12. 12. 12. 12. 13. 13. 13. 13. 14. 14. 14. 14. 15. 15. 15. 15. 16. 16. 16. 16. 17. 17. 17. 17. 18. 18. 18. 18. 19. 19. 19. 19. 20. 20. 20. 20. 21. 21. 21. 21. 22. 22. 22. 22. 23. 23. 23. 24. 24. 24. 25. 25. 25. 26. 26. 26. 27. 27. 27. 28. 28. 28. 29. 29. 29. 30. 30. 30. 31. 31. 31. 32. 32. 32. 33. 33. 33. 34. 34. 34. 35. 35. 35. 36. 36. 36. 37. 37. 37. 38. 38. 38. 39. 39. 39. 40. 40. 40. 41. 41. 41. 42. 42. 42. 43. 43. 43. 44. 44. 44. 45. 45. 45. 46. 46. 46. 47. 47. 47. 48. 48. 48. 49. 49. 49. 50. 50. 50. 51. 51. 51. 52. 52. 52. 53. 53. 53. 54. 54. 54. 55. 55. 55. 56. 56. 56. 57. 57. 57. 58. 58. 58. 59. 59. 59. 60. 60. 60. 61. 61. 61. 62. 62. 62. 63. 63. 63. 64. 64. 64. 65. 65. 65. 66. 66. 66. 67. 67. 67. 68. 68. 68. 69. 69. 69. 70. 70. 70. 71. 71. 71. 72. 72. 72. 73. 73. 73. 74. 74. 74. 75. 75. 75. 76. 76. 76. 77. 77. 77. 78. 78. 78. 79. 79. 79. 80. 80. 80. 81. 81. 81. 82. 82. 82. 83. 83. 83. 84. 84. 84. 85. 85. 85. 86. 86. 86. 87. 87. 87. 88. 88. 88. 89. 89. 89. 90. 90. 90. 91. 91. 91. 92. 92. 92. 93. 93. 93. 94. 94. 94. 95. 95. 95. 96. 96. 96. 97. 97. 97. 98. 98. 98. 99. 99. 99. 100. 100. 100. 101. 101. 101. 102. 102. 102. 103. 103. 103. 104. 104. 104. 105. 105. 105. 106. 106. 106. 107. 107. 107. 108. 108. 108. 109. 109. 109. 110. 110. 110. 111. 111. 111. 112. 112. 112. 113. 113. 113. 114. 114. 114. 115. 115. 115. 116. 116. 116. 117. 117. 117. 118. 118. 118. 119. 119. 119. 120. 120. 120. 121. 121. 121. 122. 122. 122. 123. 123. 123. 124. 124. 124. 125. 125. 125. 126. 126. 126. 127. 127. 127. 128. 128. 128. 129. 129. 129. 130. 130. 130. 131. 131. 131. 132. 132. 132. 133. 133. 133. 134. 134. 134. 135. 135. 135. 136. 136. 136. 137. 137. 137. 138. 138. 138. 139. 139. 139. 140. 140. 140. 141. 141. 141. 142. 142. 142. 143. 143. 143. 144. 144. 144. 145. 145. 145. 146. 146. 146. 147. 147. 147. 148. 148. 148. 149. 149. 149. 150. 150. 150. 151. 151. 151. 152. 152. 152. 153. 153. 153. 154. 154. 154. 155. 155. 155. 156. 156. 156. 157. 157. 157. 158. 158. 158. 159. 159. 159. 160. 160. 160. 161. 161. 161. 162. 162. 162. 163. 163. 163. 164. 164. 164. 165. 165. 165. 166. 166. 166. 167. 167. 167. 168. 168. 168. 169. 169. 169. 170. 170. 170. 171. 171. 171. 172. 172. 172. 173. 173. 174. 174. 174. 175. 175. 175. 176. 176. 176. 177. 177. 177. 178. 178. 178. 179. 179. 179. 180. 180. 180. 181. 181. 181. 182. 182. 182. 183. 183. 183. 184. 184. 184. 185. 185. 185. 186. 186. 186. 187. 187. 187. 188. 188. 189. 189. 190. 190. 190. 191. 191. 191. 192. 192. 192. 193. 193. 193. 194. 194. 194. 195. 195. 195. 196. 196. 196. 197. 197. 197. 198. 198. 198. 199. 199. 199. 200. 200. 200. 201. 201. 201. 202. 202. 203. 203. 203. 204. 204. 204. 205. 205. 205. 206. 206. 206. 207. 207. 207. 208. 208. 208. 209. 209. 209. 210. 210. 210. 211. 211. 211. 212. 212. 212. 213. 213. 214. 214. 214. 215. 215. 215. 216. 216. 216. 217. 217. 217. 218. 218. 218. 219. 219. 220. 220. 220. 221. 221. 221. 222. 222. 222. 223. 223. 224. 224. 224. 225. 225. 226. 226. 226. 227. 227. 227. 228. 228. 228. 229. 229. 229. 230. 230. 231. 231. 232. 232. 232. 233. 233. 234. 234. 234. 235. 235. 235. 236. 236. 236. 237. 237. 237. 238. 238. 238. 239. 239. 239. 240. 240. 240. 241. 241. 241. 242. 242. 242. 243. 243. 243. 244. 244. 244. 245. 245. 245. 246. 246. 246. 247. 247. 247. 248. 248. 248. 249. 249. 249. 250. 250. 251. 251. 251. 252. 252. 252. 253. 253. 253. 254. 254. 254. 255. 255. 255. 256. 256. 256. 257. 257. 257. 258. 258. 258. 259. 259. 259. 260. 260. 260. 261. 261. 261. 262. 262. 262. 263. 263. 263. 264. 264. 264. 265. 265. 265. 266. 266. 266. 266. 267. 267. 267. 268. 268. 268. 269. 269. 269. 270. 270. 270. 271. 271. 271. 272. 272. 272. 272. 273. 273. 273. 274. 274. 274. 275. 275. 275. 276. 276. 276. 277. 277. 277. 278. 278. 278. 279. 279. 279. 280. 280. 280. 281. 281. 281. 282. 282. 282. 283. 283. 283. 284. 284. 284. 285. 285. 285. 286. 286. 286. 286. 287. 287. 287. 288. 288. 288. 289. 289. 289. 290. 290. 290. 291. 291. 291. 292. 292. 292. 293. 293. 293. 294. 294. 294. 295. 295. 295. 296. 296. 296. 296. 297. 297. 297. 298. 298. 298. 299. 299. 299. 300. 300. 300. 301. 301. 301. 302. 302. 302. 302. 303. 303. 303. 304. 304. 304. 305. 305. 305. 306. 306. 306. 306. 307. 307. 307. 308. 308. 308. 309. 309. 309. 310. 310. 310. 311. 311. 311. 312. 312. 312. 312. 313. 313. 313. 314. 314. 314. 314. 315. 315. 315. 316. 316. 316. 316. 317. 317. 317. 318. 318. 318. 319. 319. 319. 320. 320. 320. 320. 321. 321. 321. 321. 322. 322. 322. 322. 322. 323. 323. 323. 323. 324. 324. 324. 324. 325. 325. 325. 325. 326. 326. 326. 326. 326. 327. 327. 327. 327. 328.",142.37662337662337,"các nghề dầu lư trong khi đã xuất "" tôm Thượng. Vận thủ không khỏi phức tạp, ngày",0.3896103896103896,141.98701298701297,99.7263522758369
253,25.jpg,"mà còn để con đường xuống cấp thê thảm, có phải là góp thêm phần","min con dièi' con dèi'ng xuan'ng şi'ng thich'm, s phu'ch' appi' thien phu'c'i",0.671875,"mà còn đề án đường xâm ý nghĩa hơn, có phải ký góp thêm biên",0.34375,0.328125,48.837209302325576
253,26.jpg,"làm xấu đi môi trường đầu tư của thành phố hay không, và cũng",bon xin ti/ mi nong xin jiu cua Chinh phu hong 1 mi cung,0.5409836065573771,bán xã / đã mua xuất địa của Châu phố Hàng không 1 nữ cũng,0.5081967213114754,0.032786885245901676,6.060606060606067
253,27.jpg,đồng nghĩa với việc mất đi bao nhiêu cơ hội làm việc và cải thiện cuộc sống,hợi nghĩa nói việc mới đã bao nhiêu vì hơn bốn việc và cả nhiều việc này.,0.36,tây nghĩa và việc mà ít bọn nhiên vợ hơn bốn việc và cả thiếu của cộng,0.3733333333333333,-0.013333333333333308,-3.7037037037036966
253,28.jpg,của người lao động - đồng bào - hay không?,ou a' ngu'di bòsìrìy - dòrìy bòsì - hìy thàrìy?,0.6904761904761905,của người lao động - đồng bộ - họ thường?,0.1666666666666666,0.5238095238095238,75.86206896551725
253,29.jpg,"Chúng ta "" hoan nghênh và biểu dương những việc làm tốt của công nhân",chuyển lên cơ bản nghiêm vụ nhưng thường xuyên mắc lâm lấn của cây nhân,0.5652173913043478,chúng tôi có bên nghẽn và hiện thương như việc làm lại của công nhân,0.2898550724637681,0.27536231884057966,48.71794871794871
253,30.jpg,"xây dựng trong việc thông tin, phản ánh sai phạm của công trình đường",xiey ding hong yue is the major singing problem and you phonem can't join in this thing.,0.7971014492753623,"xây dựng bảng vực đi mỗi giờ phim "" anh gái phạm của "" công trình đường",0.3333333333333333,0.463768115942029,58.18181818181818
253,31.jpg,"liên cảng A5 "", nhưng chắc là không có hình thức hoan nghênh và biểu","her song AS 2), many that is, many is what the author regards in their",0.7205882352941176,"Hơn vòng AS "", nhưng chắc là không có biết Thành ương ngành vì liên",0.3382352941176471,0.38235294117647056,53.06122448979591
253,32.jpg,dương nào thiết thực hơn đối với anh Đại và những đồng nghiệp là xử lý ngay,"many units, there has been such a lot of rain in many days during the last few years.",0.84,"dương Chúc Thứ hai vẫn anh Đại vẫn mặn, đầy nghiệp bị xót gì ngay",0.4266666666666667,0.4133333333333333,49.2063492063492
253,33.jpg,những sai phạm (đã rõ mười mươi) và có biện pháp hữu hiệu khắc phục,những mối quan hệ con mình (và cả liên hệ pháp luận liên hệ thời gian),0.6716417910447762,khẳng định phạm (đã có muốn muốn) và có kiến pháp hiến biểu lên được,0.417910447761194,0.25373134328358216,37.777777777777786
253,34.jpg,những sai phạm đó. Có như vậy niềm tin vào lẽ phải mới được khôi phục,ending! Mai làm đi - có những ngày làm - gần như là phải mất đi chút phải.,0.5652173913043478,"những nữa làm "" đế "". Có những ngày mặn, gần vừa là phía nước để khẳng định,",0.6086956521739131,-0.0434782608695653,-7.692307692307708
253,35.jpg,và người dân sẽ không còn phải đặt cược cho niềm tin của mình.,"a singular don't let them come here, they don't care who wins, it's just a game.",0.8709677419354839,cả người dân sẽ không còn phải đặt được cho mỗi kim nữa mỗi ng,0.2580645161290322,0.6129032258064517,70.37037037037038
253,36.jpg,Phải là một câu chuyện đàng hoàng! Nhóm công nhân dũng cảm ấy gồm,Phân tích mối liên hệ chuyển hướng về tham gia nghiên cứu đánh giá mới về quản lý,0.8461538461538461,Phân tắc mãi cũ chuyện không không khỏi con người chuyện cũng ủy quy,0.5846153846153846,0.2615384615384615,30.909090909090903
253,37.jpg,20 người vậy mà hầu như nay đã lang bạt hết. Chỉ còn anh Đại và bốn,20 người Việt mới bàn thân ngày thấy hẹn hẹn. Chứ mình Đen vẫn thật,0.582089552238806,20 người Vũng Mã hầu như ra ngơ đá bụy lên kết. Chỉ 1 mình Đại Việt biết,0.4328358208955223,0.14925373134328368,25.641025641025657
253,38.jpg,"người khác. Thân phận, cuộc sống của họ là bi đát, và điều mỉa mai cũng","người nhớ thế, thân phản, quảng cáo không có thị trấn đối tác mà mặc cũng",0.5633802816901409,"người NHÀ. Thân phận, luật ngang của họ đi từ gà đầu mũi nói của cũng",0.380281690140845,0.18309859154929586,32.500000000000014
253,39.jpg,"như làm chạnh lòng tôi là có phải họ đã xả thân vì đại nghĩa để rồi gia đình,","when some changes in the pattern of the x-axis and y-axis in the figure, the",0.7792207792207793,"như bản chất này, bình phí hạ đã xả 1% nữa, đã gây ảnh hưởng đến "" giá trị "" gia đình",0.6753246753246753,0.10389610389610393,13.333333333333336
253,40.jpg,"vợ con ly tán, thất nghiệp, lâm vào cảnh đời tan nát như thế sao! Vì sao họ","i've only been doing this thing, but i was only doing it for a little while.",0.7866666666666666,"vô vận bán thôi nghèo, lãnh vực cánh đầu tư mới như thế nào? Vì họ",0.44,0.3466666666666666,44.06779661016949
253,41.jpg,"đã làm điều đó? Ba năm trôi qua, chắc hẳn đã hàng trăm, ngàn lần","He bin diwan dius Bar man finna, what han' da hay toun ngun ha'",0.640625,"để bán được được Bạc nậm tận nạn, Chốc Hải đã hỏi đưa tôm, người hộ",0.5625,0.078125,12.195121951219512
253,42.jpg,"câu hỏi đó tự đến với họ hoặc đến từ người thân, bạn bè đi kèm sự chua",can have a lot of fun - we'll have fun in your living room.,0.7714285714285715,còn hai dự án điện và hộ hành đơn tự người thông báo để hẹn sự chào,0.4285714285714285,0.34285714285714297,44.44444444444446
253,43.jpg,"chát, ngậm ngùi.",chat / nymm my.,0.5625,"chất, nguyên nhân.",0.5,0.0625,11.11111111111111
253,44.jpg,"Và hôm nay, chúng ta cũng cần hỏi câu hỏi này với chính mình.","va bám này, chuyện luôn còn hơi còn hàng vừa chính mình.",0.4098360655737705,"và bám này, chúng ta cũng còn hồi sẵn hằng vụ chính mình.",0.2459016393442623,0.1639344262295082,40.0
254,1.jpg,KHÁI QUÁT VỀ BIỂN ĐẢO VIỆT NAM,KHAI QUẢT VIỆN BIẾN ĐẬO VIỆT NAM,0.2333333333333333,KHÁI QUÁT VỀ BIỂN ĐẢO VIỆT NAM,0.0,0.2333333333333333,100.0
254,2.jpg,Nước ta giáp với biển Đông ở hai phía Đông và Nam. Vùng biển Việt Nam,Nước ta gặp với bình Đông ở hai phía Đông và Nam. Vùng bình Việt Nam,0.1159420289855072,Nước ta gặp với biển Đông ở hai phía Đông và Nam. Vùng biển Việt Nam,0.0289855072463768,0.0869565217391304,75.0
254,3.jpg,là một phần biển Đông.,là một phản biện đóng.,0.1363636363636363,là một phần biển Đông.,0.0,0.1363636363636363,100.0
254,4.jpg,"Bờ biển dài 3.260 km, từ Quảng Ninh đến Kiên Giang. Như vậy cứ 100 km2","Bà biên đài 3.260 km, tại Quảng Ninh tân Kiên Giang. Như vậy đã 100 km.",0.1428571428571428,"Bờ biển dài 3.280 km, từ Quảng Ninh đến Kiên Giang. Nhờ vậy cứ 100 km2",0.0285714285714285,0.1142857142857143,80.00000000000004
254,5.jpg,thì có 1 km bờ biển (trung bình của thế giới là 600 km2 đất liền / 1 km bờ biển).,thì có 1 km bị biên (trung bình của thời gian là 600km² đạt biên/1km bị biên).,0.1975308641975308,thì có 1 km bờ biển (trung bình của thế giới là 600 km2 đất liền / 1 km bờ biển).,0.0,0.1975308641975308,100.0
254,6.jpg,"Biển có vùng nội thủy, lãnh hải, vùng đặc quyền kinh tế và thềm lục địa với","Bên cơ vùng nội thụy, tành hài, vùng đa nguyên kinh tế và thêm lịch sử",0.28,"Biển có vùng nội thủy, lãnh hải, vùng đặc quyền kinh tế và thềm lục địa với",0.0,0.28,100.0
254,7.jpg,diện tích trên 1 triệu km2 (gấp 3 diện tích đất liền : 1 triệu km2 /,"when fish aren't alive, they're gone & dies for fish that live: fishes",0.7941176470588235,liên tách trên 1 triệu km2 (gấp 3 diện tích đất liền : 1 triệu km2),0.0735294117647058,0.7205882352941176,90.74074074074075
254,8.jpg,330.000 km2),"\[ 330.000 \, \text{km}^2 \]",1.4166666666666667,330.000 km2.,0.0833333333333333,1.3333333333333335,94.11764705882354
254,9.jpg,"Trong đó có 2 quần đảo Hoàng Sa, Trường Sa và 2.577 đảo lớn, nhỏ,","Gương đó có liệu thông Sa, Gương Sa và 2.5772của thời,",0.4461538461538462,"Trong đó có 2 quần đảo Hoàng Sa, 2 trường Sa và 2.577 đảo lớn, nhỏ,",0.0307692307692307,0.41538461538461546,93.10344827586208
254,10.jpg,"gần và xa bờ, hợp thành phòng tuyến bảo vệ, kiểm soát và làm chủ","gài vì xa bố, hẹp thính phòng tuyển báo vệ, kiếm soát và làm chủ",0.140625,"gần và xa bờ, hợp thành phòng tuyến bảo vệ, kiểm soát và làm chủ",0.0,0.140625,100.0
254,11.jpg,vùng biển.,"Mün  
bien?",0.6,một biện.,0.5,0.09999999999999998,16.666666666666664
254,12.jpg,"Có vị trí chiến lược quan trọng : nối liền Thái Bình Dương với Ấn Độ Dương,","Cô vị thứ chiến thắng quan trọng: mọi liên hệ bữu Đông với Anh Đông,",0.3733333333333333,"Cả vị trí chiến lược quan trọng : nối liền với Bình Dương với Ảnh Địa Dương,",0.1066666666666666,0.2666666666666667,71.42857142857146
254,13.jpg,"châu Á với châu Âu, châu Úc với Trung Đông. Giao lưu quốc tế thuận","cháu A với cháu A, cháu Vô với Trung Đông. Giáo luôn quyết thích",0.2878787878787879,"châu Á với châu Âu, châu Úc với Ðông Đông. Giao lưu quốc tế thuận",0.0454545454545454,0.2424242424242425,84.2105263157895
254,14.jpg,"lợi, phát triển ngành biển.","\[ \{ \text{iii, phát triển ngành bản} \}. \]",0.8518518518518519,"lời, phát triển ngành biển.",0.037037037037037,0.8148148148148149,95.65217391304348
254,15.jpg,Có khí hậu biển là vùng nhiệt đới tạo điều kiện cho sinh vật biển phát,Có khi hầu biên lá vùng nhiệt đội tạo điều kiện cho sâu vât biên phát,0.1428571428571428,Có khí hậu biển là vùng nhiệt đới tạo điều kiện cho sinh vật biển phát,0.0,0.1428571428571428,100.0
254,16.jpg,"triển, tồn tại tốt.","триен, тян тай бът.",0.7368421052631579,"triển, tồn tại tốt.",0.0,0.7368421052631579,100.0
254,17.jpg,"Có tài nguyên sinh vật và khoáng sản phong phú, đa dạng, quý hiếm.","Có tài nguyên sinh vật và khoảng sân phòng phù, tá dạng quý hôm.",0.1363636363636363,"Có tài nguyên sinh vật và khoáng sản phong phú, đa dạng, quý hiếm.",0.0,0.1363636363636363,100.0
254,18.jpg,"Vùng biển và hải đảo nước ta có vị trí chiến lược hết sức to lớn, có ảnh hưởng","Vùng bình văn hải đảo mốc ta có rìa chính lưỡi hết sức to lớn, có ảnh hưởng",0.2435897435897435,"Vùng biển và hải đảo nước ta có vị trí chiến lược hết sức to lớn, có ảnh hưởng",0.0,0.2435897435897435,100.0
254,19.jpg,trực tiếp đến sự nghiệp bảo vệ nền độc lập dân tộc và xây dựng chủ nghĩa,trúc-tập đến sự nghiệp bảo vệ niên độc lập đảm bảo vai trò đáng chú nghĩa.,0.2916666666666667,trực tiếp đến sự nghiệp bảo vệ nền độc lập dân tộc và xây dựng chủ nghĩa,0.0,0.2916666666666667,100.0
254,20.jpg,"xã hội, có liên quan trực tiếp đến sự phồn vinh của đất nước, đến văn","xǐ hài, eó hèn quen thích tấp đến sự phản vinh của đất mùa, đến văn",0.2463768115942029,"xã Hội, có liên quan trực tiếp đến sự phồn vinh của đất nước, đến văn",0.0,0.2463768115942029,100.0
254,21.jpg,minh và hạnh phúc của nhân dân.,mình và hành phúc của mình dân.,0.1935483870967742,mình và hạnh phúc của nhân dân.,0.032258064516129,0.16129032258064518,83.33333333333334
255,1.jpg,BẢN CHẤT CỦA THÀNH CÔNG,Bản chất của thành công,0.0,BẢN CHẤT CỦA THÀNH CÔNG,0.0,0.0,0.0
255,2.jpg,Đã bao giờ bạn tự hỏi thành công là gì mà bao kẻ bỏ cả cuộc đời mình theo đuổi? Phải chăng,"""Are you going to be here tomorrow?""",0.8333333333333334,để bao giờ bạn tự hỏi thành công là gì mà bao kẻ bỏ cả cuộc đời mình theo đuổi? Phải chăng,0.0111111111111111,0.8222222222222223,98.66666666666667
255,3.jpg,"đó là kết quả hoàn hảo trong công việc, sự chính xác đến từng chi tiết? Hay đó là cách nói","this is what you mean, that strong voice, it's always easier than trying out that? I may do it easier, not.",0.7888888888888889,"đã là kết quả hoàn hảo trong công việc, sự chính xác đáng từng chú trọt? Hay đó là cách nói",0.0666666666666666,0.7222222222222223,91.5492957746479
255,4.jpg,"khác của từ thành đạt, nghĩa là có được một cuộc sống giàu sang, được mọi người nể phục?","khác cũn từ thanh đạt, nghĩa là có điều cũng sống quan sang, điều mới nghĩa là phục ợ",0.3181818181818182,"khác của từ thành đạt, nghĩa là có được cuộc sống giàu sang, đặc mỹ nghệ, nỗ lực phục ở",0.2045454545454545,0.11363636363636367,35.71428571428573
255,5.jpg,Vậy thì bạn hãy dành chút thời gian để lặng mình suy ngẫm.,Vậy thì bạn hãy dành chút thời gian để kể những suy ngẫm.,0.1379310344827586,Vậy thì bạn hãy dành chút thời gian để lặng mình suy ngẫm.,0.0,0.1379310344827586,100.0
255,6.jpg,Cuộc sống sẽ chỉ cho bạn có những người thành đạt được thành công theo một cách giản dị đến bất,que song se chú cho ban có những người thánh tất thánh ứng thời một cách gần đón tới.,0.3157894736842105,Gieo rộng sẽ chỉ cho bạn có những người thành đạt thành công theo một cách giản dị trên tài,0.1789473684210526,0.1368421052631579,43.33333333333334
255,7.jpg,ngờ,hā,1.0,tốt.,1.3333333333333333,-0.33333333333333326,-33.33333333333333
255,8.jpg,"Thành công là khi bố và con trai có dũng khí bước vào bếp, nấu những món ăn mẹ thích nhân","Thanh càng lẫn khu bốc và con trai có dùng khứ biết nào bap, nếu những món ăn mẹ-thách nhau",0.2022471910112359,"Thành công là khi bố và con trai có dũng khí bước vào bếp, nấu những món ăn mẹ thích nhân",0.0,0.2022471910112359,100.0
255,9.jpg,"ngày 8 - 3. Món canh có thể hơi mặn, món cá sốt đáng lẽ phải có màu đỏ sậm thì lại ngả sang",ngay 8-3. Mời cạnh cơ thế này mời cơ sở tăng lệ phạt có mưu áp sản thi lợi ngã sang,0.3736263736263736,"ngày 8 - 3. Món canh có thể hơi mặn, món cá sốt đang lệ phải có màu đỏ sậm thì lại ngả sang",0.0219780219780219,0.3516483516483517,94.11764705882355
255,10.jpg,"màu... đen cháy. Nhưng nhìn mâm cơm, mẹ vẫn cười. Bởi vì hai bố con không thể thành","mai ... den chay. Những mình màn cơm, mẹ em cũng cũng: ôi vì hai bên không thể thành",0.3253012048192771,"màu... đen cháy. Nhưng nhìn màn cơm, mẹ vẫn cười : "" Bởi vì hai bố con không thể thành",0.072289156626506,0.2530120481927711,77.77777777777779
255,11.jpg,"công trên "" chiến trường "" bếp núc, nhưng lại thành công khi tặng mẹ "" đoá hồng "" của tình yêu.","sing three ""chicken"" biting ""bep"" nice, making last thanks only his ""beep"" me. ""da king"" can't think you.",0.6105263157894737,"công trình "" chiến trường "" bếp núc, nhưng lại thành công khi tôi thấy "" đá bóng "" của tinh yếu.",0.1473684210526315,0.4631578947368422,75.86206896551727
255,12.jpg,"Một món quà ý nghĩa hơn cả những món quà quý giá, hạnh phúc ấy long lanh in trong mắt","mei min quan yin huon hien ca nhung min quan quy giao, hanh phuc ay long lanh in trong an tet",0.3411764705882353,"một món quà ý nghĩa hơn cả những món quà già, hành phúc ấy long lanh in trong nỗi",0.1058823529411764,0.2352941176470589,68.96551724137933
255,13.jpg,mẹ.,mē,0.6666666666666666,mở.,0.3333333333333333,0.3333333333333333,50.0
255,14.jpg,"Thành công còn là hình ảnh một cậu bé bị dị tật ở chân, không bao giờ đi lại bình thường","Thank ing can in hinh anh mat eau be bi at tat e chao, kring bao giu tai lai binh thuing",0.3295454545454545,"Thành công còn là hình ảnh một cậu bé bị dị tật ở chân, không bao giờ đi lại bình thường",0.0,0.3295454545454545,100.0
255,15.jpg,"được. Từ nhỏ cậu đã nuôi ước mơ trở thành cầu thủ bóng đá. Sau bao nỗ lực khổ luyện, cậu","Hei. Tôi nhớ cảm ấn tôi mơ tôi thích cảm thứ bóng tôi. Sau bao nó lúc khá chẳng, cảm",0.4204545454545454,"thức. Từ nhỏ cậu đến nuôi ước mơ trở thành cầu thủ bóng đá. Sau bao rồi kéo khổ luyện, cậu",0.125,0.2954545454545454,70.27027027027026
255,16.jpg,"bé trở thành cầu thủ dự bị trong một đội bóng nhỏ, và chưa bao giờ được chính thức ra sân.","he treat thanks each the all bi tong met ats long nha, po chua bao giat the chun thue ra sao.",0.4444444444444444,"bé tốt thành cầu thủ dự bị trong một đội bóng nhỏ, vô chiều bao giờ được chính thức ra sân.",0.0666666666666666,0.3777777777777778,85.00000000000001
255,17.jpg,"Nhưng đó không phải là thất bại. Trái lại, thành công đã nở hoa khi cậu bé năm xưa, với bao","Nothing don't bring pleas. In that bar. Treats last, thankin' don't bring him out. In man man, you have",0.7032967032967034,"Nhưng đó không phải là thách bại. Trái lại, thành công đều nổi hiện nay khi cậu bé năm tuổi, với bảo",0.1978021978021978,0.5054945054945056,71.87500000000001
255,18.jpg,"nghị lực và quyết tâm, đã chiến thắng hoàn cảnh để theo đuổi ước mơ từ ngày thơ bé.","night, we use a night lamp, and always hang a lamp beside the bed.",0.7469879518072289,"nghị lực và quyết tâm, đã chiến thắng hoàn cảnh để theo đuổi ước mơ từ ngày thơ bé.",0.0,0.7469879518072289,100.0
255,19.jpg,"Thành công ấy, liệu có mấy người đạt được?","Thanh công ấy, liệu có mấy người đặt thức ?",0.1428571428571428,"Thành công ấy, liệu có mấy người đạt được?",0.0,0.1428571428571428,100.0
255,20.jpg,"Sau mỗi mùa thi đại học, có bao "" sĩ tử "" buồn rầu khi biết mình trở thành "" sĩ tử "". Hai bảy điểm,","Sau mẹ mua thịt tươi, có bao ""sữa túi"" buôn rau khi bệnh mình trở thành ""sữa túi"": hai bảy đôi mẹ,",0.3131313131313131,"Sau mỗi mùa thi đại học, có bao "" sĩ tử "" buồn rầu khi biết mình trở thành "" sĩ tử "" tại bảy điểm,",0.0303030303030303,0.2828282828282828,90.3225806451613
255,21.jpg,cao thật đấy. Nhưng cao mà làm gì khi NV1 lấy tới hai bảy phẩy năm? Đó thật ra không phải,even that day. Nothing can make me lose my mind. I don't let the rain keep my mind too that I'm losing hope.,0.7191011235955056,cho thật đấy. Nhưng cao mà làm gì khi NV2 lấy tới hai bảy phẩy năm trở thật ra không phải?,0.0786516853932584,0.6404494382022472,89.0625
255,22.jpg,"là thất bại, chỉ là khi thành công - bị - trì - hoãn mà thôi. Cuộc sống vẫn chào đón họ với","I am short but, she's a khu thanh cng bi' - tri- thanh ma than. Quyong van chua dan ho nhi.",0.5054945054945055,"là thoát bại, chở lộ khi thanh công - bị - tội - hoặc mua thịt. Quê sống vẫn chào đón họ với",0.1758241758241758,0.32967032967032966,65.21739130434783
255,23.jpg,"NV2, NV3. Quan trọng là họ đã nỗ lực hết sức để khẳng định mình. Đó là ý nghĩa vẹn nguyên","Nv2, Nv3. Quan trong lí hoa đánh nô lôc hát sức đế kháng điều mình. Do lý nghĩa văn nguyên",0.2247191011235955,"NV2, NV3. Quan trọng là họ đã nỗ lực hết sức để khẳng định mình. Đó là ý nghĩa văn nguyên",0.0112359550561797,0.2134831460674158,95.00000000000004
255,24.jpg,"của các kỳ thi, và cũng là bản chất của thành công.","của các ký thú, và cũng là bản chất của thành công.",0.0392156862745098,"của các kỳ thi, và cũng là bản chất của thành công.",0.0,0.0392156862745098,100.0
